course_id,assessment_date,assessment_type,students_attempted,avg_score_pct,pass_rate,top_scorers_pct,avg_attempts,avg_time_mins
PH01,2023-01-01,Chapter Quiz,1539,72.8,0.91,0.14,1.9,45.6
PH01,2023-01-01,Unit Test,752,68.3,0.88,0.07,2.7,40.0
PH01,2023-01-01,Mock Exam,304,63.6,0.77,0.07,2.0,38.6
PH01,2023-01-01,Full Syllabus Test,1243,81.2,0.93,0.13,2.1,88.2
PH01,2023-02-01,Chapter Quiz,1085,69.9,0.89,0.07,1.5,41.1
PH01,2023-02-01,Unit Test,1214,68.8,0.81,0.1,1.6,81.5
PH01,2023-02-01,Mock Exam,1445,64.4,0.75,0.1,2.5,30.2
PH01,2023-02-01,Full Syllabus Test,1602,64.4,0.84,0.14,2.3,66.4
PH01,2023-03-01,Chapter Quiz,478,69.7,0.7,0.15,2.0,34.5
PH01,2023-03-01,Unit Test,210,68.3,0.87,0.18,1.7,84.0
PH01,2023-03-01,Mock Exam,945,71.1,0.85,0.16,1.4,33.8
PH01,2023-03-01,Full Syllabus Test,526,78.0,0.76,0.18,1.4,58.5
PH01,2023-04-01,Chapter Quiz,1812,72.1,0.88,0.09,1.3,80.0
PH01,2023-04-01,Unit Test,451,73.6,0.78,0.17,2.6,67.3
PH01,2023-04-01,Mock Exam,1973,76.3,0.96,0.1,1.4,88.6
PH01,2023-04-01,Full Syllabus Test,978,79.3,0.98,0.2,1.7,50.2
PH01,2023-05-01,Chapter Quiz,1423,70.2,0.68,0.14,1.5,89.2
PH01,2023-05-01,Unit Test,723,79.3,0.79,0.1,2.3,52.5
PH01,2023-05-01,Mock Exam,756,77.5,0.9,0.1,1.4,60.2
PH01,2023-05-01,Full Syllabus Test,546,77.1,0.91,0.07,1.8,76.8
PH01,2023-06-01,Chapter Quiz,1456,60.8,0.67,0.1,2.4,51.5
PH01,2023-06-01,Unit Test,959,75.5,0.82,0.12,2.2,27.7
PH01,2023-06-01,Mock Exam,1961,75.8,0.82,0.19,1.7,52.0
PH01,2023-06-01,Full Syllabus Test,295,61.9,0.79,0.19,2.2,84.7
PH01,2023-07-01,Chapter Quiz,1130,74.7,0.91,0.18,2.1,43.5
PH01,2023-07-01,Unit Test,324,74.5,0.74,0.19,2.1,31.1
PH01,2023-07-01,Mock Exam,976,77.1,0.84,0.19,2.4,25.2
PH01,2023-07-01,Full Syllabus Test,809,64.5,0.67,0.15,2.7,53.6
PH01,2023-08-01,Chapter Quiz,1940,63.5,0.61,0.12,2.6,72.4
PH01,2023-08-01,Unit Test,814,71.4,0.9,0.08,1.8,70.8
PH01,2023-08-01,Mock Exam,633,76.4,0.97,0.17,1.4,40.3
PH01,2023-08-01,Full Syllabus Test,765,69.2,0.88,0.06,1.3,87.7
PH01,2023-09-01,Chapter Quiz,485,79.9,0.86,0.19,1.5,85.5
PH01,2023-09-01,Unit Test,652,67.4,0.69,0.13,2.2,78.7
PH01,2023-09-01,Mock Exam,966,69.1,0.76,0.05,2.3,31.0
PH01,2023-09-01,Full Syllabus Test,1972,75.6,0.93,0.16,1.4,77.9
PH01,2023-10-01,Chapter Quiz,1962,77.7,0.84,0.16,2.5,41.6
PH01,2023-10-01,Unit Test,572,75.2,0.76,0.06,1.6,36.4
PH01,2023-10-01,Mock Exam,266,80.8,0.98,0.06,2.7,38.7
PH01,2023-10-01,Full Syllabus Test,340,61.9,0.78,0.06,1.9,47.6
PH01,2023-11-01,Chapter Quiz,1098,64.2,0.66,0.18,1.3,70.7
PH01,2023-11-01,Unit Test,1948,79.6,0.84,0.14,2.1,51.5
PH01,2023-11-01,Mock Exam,598,78.3,0.85,0.07,2.3,82.3
PH01,2023-11-01,Full Syllabus Test,427,69.6,0.82,0.19,1.5,50.9
PH01,2023-12-01,Chapter Quiz,1064,61.9,0.78,0.1,2.2,71.6
PH01,2023-12-01,Unit Test,333,79.5,0.95,0.2,1.8,88.8
PH01,2023-12-01,Mock Exam,1060,75.3,0.89,0.07,1.6,43.5
PH01,2023-12-01,Full Syllabus Test,1233,76.3,0.86,0.16,1.9,53.0
PH01,2024-01-01,Chapter Quiz,391,67.0,0.69,0.16,1.6,52.0
PH01,2024-01-01,Unit Test,1729,76.9,0.79,0.07,2.4,69.7
PH01,2024-01-01,Mock Exam,1394,70.5,0.73,0.07,1.5,48.3
PH01,2024-01-01,Full Syllabus Test,1494,67.9,0.69,0.08,2.5,47.6
PH01,2024-02-01,Chapter Quiz,1488,76.9,0.91,0.17,2.4,25.5
PH01,2024-02-01,Unit Test,1950,71.6,0.7,0.17,2.7,48.4
PH01,2024-02-01,Mock Exam,1690,77.8,0.98,0.12,1.6,47.3
PH01,2024-02-01,Full Syllabus Test,431,64.7,0.77,0.08,1.5,72.9
PH01,2024-03-01,Chapter Quiz,1061,68.8,0.72,0.19,2.0,38.3
PH01,2024-03-01,Unit Test,931,71.2,0.75,0.2,2.5,63.1
PH01,2024-03-01,Mock Exam,1946,80.1,0.98,0.17,1.4,53.0
PH01,2024-03-01,Full Syllabus Test,1114,63.5,0.82,0.2,2.1,62.4
PH01,2024-04-01,Chapter Quiz,1414,82.0,0.96,0.12,1.4,28.8
PH01,2024-04-01,Unit Test,297,80.3,0.98,0.12,2.8,75.0
PH01,2024-04-01,Mock Exam,1799,77.4,0.83,0.18,2.7,62.5
PH01,2024-04-01,Full Syllabus Test,1612,71.9,0.74,0.06,2.4,88.1
PH01,2024-05-01,Chapter Quiz,1962,71.5,0.75,0.18,2.4,41.7
PH01,2024-05-01,Unit Test,380,79.2,0.88,0.09,1.2,40.4
PH01,2024-05-01,Mock Exam,1053,62.7,0.62,0.18,1.5,67.5
PH01,2024-05-01,Full Syllabus Test,1592,79.4,0.78,0.19,1.6,67.5
PH01,2024-06-01,Chapter Quiz,1885,64.8,0.66,0.12,2.0,76.2
PH01,2024-06-01,Unit Test,582,80.7,0.92,0.14,2.6,69.3
PH01,2024-06-01,Mock Exam,319,75.5,0.8,0.08,1.9,28.2
PH01,2024-06-01,Full Syllabus Test,798,71.4,0.84,0.17,1.7,62.2
PH01,2024-07-01,Chapter Quiz,1962,69.8,0.92,0.07,1.7,38.5
PH01,2024-07-01,Unit Test,418,65.3,0.72,0.19,2.0,29.6
PH01,2024-07-01,Mock Exam,1794,80.1,0.92,0.13,2.3,53.3
PH01,2024-07-01,Full Syllabus Test,343,78.7,0.8,0.17,2.0,88.7
PH01,2024-08-01,Chapter Quiz,735,77.0,0.91,0.05,2.1,50.8
PH01,2024-08-01,Unit Test,1333,75.3,0.8,0.08,1.2,38.2
PH01,2024-08-01,Mock Exam,1183,67.2,0.8,0.09,1.4,71.1
PH01,2024-08-01,Full Syllabus Test,1672,70.9,0.92,0.08,1.2,80.0
PH01,2024-09-01,Chapter Quiz,1375,74.2,0.9,0.13,2.6,39.9
PH01,2024-09-01,Unit Test,1353,75.8,0.81,0.05,1.5,36.6
PH01,2024-09-01,Mock Exam,1584,67.5,0.71,0.07,2.2,83.9
PH01,2024-09-01,Full Syllabus Test,1274,82.0,0.88,0.06,2.3,49.5
PH01,2024-10-01,Chapter Quiz,682,77.6,0.82,0.18,2.2,74.7
PH01,2024-10-01,Unit Test,1979,68.4,0.86,0.1,2.2,29.6
PH01,2024-10-01,Mock Exam,717,78.8,0.98,0.18,1.4,33.7
PH01,2024-10-01,Full Syllabus Test,953,60.7,0.8,0.16,1.6,77.8
PH01,2024-11-01,Chapter Quiz,343,80.6,0.8,0.13,1.6,48.2
PH01,2024-11-01,Unit Test,212,78.3,0.92,0.18,1.4,34.4
PH01,2024-11-01,Mock Exam,219,68.2,0.84,0.19,2.2,38.2
PH01,2024-11-01,Full Syllabus Test,603,66.2,0.73,0.08,1.5,64.6
PH01,2024-12-01,Chapter Quiz,1317,76.2,0.98,0.15,1.6,32.3
PH01,2024-12-01,Unit Test,1917,70.3,0.87,0.15,2.2,78.5
PH01,2024-12-01,Mock Exam,1898,66.0,0.72,0.06,1.5,69.7
PH01,2024-12-01,Full Syllabus Test,1582,66.8,0.66,0.18,1.7,52.5
PH02,2023-01-01,Chapter Quiz,1318,66.3,0.76,0.1,2.7,36.7
PH02,2023-01-01,Unit Test,684,71.6,0.72,0.1,2.4,72.0
PH02,2023-01-01,Mock Exam,1581,71.6,0.92,0.11,2.4,61.8
PH02,2023-01-01,Full Syllabus Test,320,66.0,0.68,0.17,1.7,83.8
PH02,2023-02-01,Chapter Quiz,1646,61.3,0.76,0.12,2.3,71.8
PH02,2023-02-01,Unit Test,1324,73.1,0.77,0.13,2.6,66.3
PH02,2023-02-01,Mock Exam,990,64.6,0.77,0.19,1.9,78.0
PH02,2023-02-01,Full Syllabus Test,311,65.5,0.83,0.05,2.7,30.3
PH02,2023-03-01,Chapter Quiz,1127,60.4,0.79,0.19,1.6,63.6
PH02,2023-03-01,Unit Test,1396,64.2,0.69,0.08,2.4,85.1
PH02,2023-03-01,Mock Exam,1987,61.9,0.76,0.19,1.8,33.9
PH02,2023-03-01,Full Syllabus Test,1269,64.2,0.67,0.05,2.6,35.5
PH02,2023-04-01,Chapter Quiz,300,59.5,0.59,0.08,1.4,80.3
PH02,2023-04-01,Unit Test,1524,72.2,0.73,0.18,2.2,26.2
PH02,2023-04-01,Mock Exam,505,60.7,0.63,0.15,1.7,33.9
PH02,2023-04-01,Full Syllabus Test,1083,75.8,0.96,0.17,2.2,84.6
PH02,2023-05-01,Chapter Quiz,540,68.8,0.73,0.15,2.4,50.6
PH02,2023-05-01,Unit Test,426,65.4,0.83,0.18,2.5,41.2
PH02,2023-05-01,Mock Exam,1112,68.4,0.78,0.06,2.0,66.8
PH02,2023-05-01,Full Syllabus Test,761,59.3,0.72,0.05,2.3,49.3
PH02,2023-06-01,Chapter Quiz,1855,67.2,0.8,0.15,2.7,28.4
PH02,2023-06-01,Unit Test,1440,57.2,0.61,0.19,1.8,38.1
PH02,2023-06-01,Mock Exam,543,73.0,0.77,0.11,1.4,42.1
PH02,2023-06-01,Full Syllabus Test,965,65.6,0.71,0.14,2.1,88.8
PH02,2023-07-01,Chapter Quiz,1836,66.6,0.69,0.06,1.6,63.4
PH02,2023-07-01,Unit Test,1025,57.7,0.76,0.09,1.8,73.5
PH02,2023-07-01,Mock Exam,304,75.7,0.87,0.11,2.2,68.4
PH02,2023-07-01,Full Syllabus Test,421,70.2,0.7,0.07,2.0,86.5
PH02,2023-08-01,Chapter Quiz,1800,65.0,0.73,0.06,2.1,74.6
PH02,2023-08-01,Unit Test,1184,57.0,0.69,0.19,2.4,36.2
PH02,2023-08-01,Mock Exam,202,73.5,0.86,0.11,1.3,53.4
PH02,2023-08-01,Full Syllabus Test,1201,57.8,0.67,0.2,1.4,26.7
PH02,2023-09-01,Chapter Quiz,491,72.4,0.93,0.16,2.2,56.9
PH02,2023-09-01,Unit Test,353,57.2,0.64,0.14,2.3,55.6
PH02,2023-09-01,Mock Exam,343,72.1,0.7,0.11,1.4,52.5
PH02,2023-09-01,Full Syllabus Test,948,64.2,0.66,0.12,2.3,41.4
PH02,2023-10-01,Chapter Quiz,514,63.4,0.81,0.08,2.0,58.1
PH02,2023-10-01,Unit Test,203,75.1,0.79,0.16,1.9,85.4
PH02,2023-10-01,Mock Exam,931,68.6,0.86,0.14,1.2,61.1
PH02,2023-10-01,Full Syllabus Test,654,58.3,0.56,0.06,2.2,87.3
PH02,2023-11-01,Chapter Quiz,1833,68.5,0.82,0.14,1.2,62.1
PH02,2023-11-01,Unit Test,341,71.9,0.73,0.11,1.4,61.3
PH02,2023-11-01,Mock Exam,1563,57.4,0.67,0.11,1.9,27.0
PH02,2023-11-01,Full Syllabus Test,1102,69.9,0.8,0.07,1.9,63.0
PH02,2023-12-01,Chapter Quiz,1503,73.9,0.89,0.14,2.6,35.2
PH02,2023-12-01,Unit Test,335,67.6,0.77,0.12,2.4,79.1
PH02,2023-12-01,Mock Exam,453,66.0,0.73,0.18,1.9,75.2
PH02,2023-12-01,Full Syllabus Test,715,69.2,0.79,0.14,2.6,32.0
PH02,2024-01-01,Chapter Quiz,1088,73.1,0.76,0.19,1.7,51.0
PH02,2024-01-01,Unit Test,548,64.0,0.78,0.12,2.6,69.1
PH02,2024-01-01,Mock Exam,751,73.6,0.78,0.08,2.5,28.3
PH02,2024-01-01,Full Syllabus Test,1302,75.2,0.78,0.16,2.8,65.3
PH02,2024-02-01,Chapter Quiz,1920,60.5,0.74,0.17,1.3,62.2
PH02,2024-02-01,Unit Test,1682,69.6,0.84,0.1,1.6,70.2
PH02,2024-02-01,Mock Exam,1584,74.7,0.86,0.07,2.6,42.0
PH02,2024-02-01,Full Syllabus Test,829,64.0,0.75,0.08,2.5,68.0
PH02,2024-03-01,Chapter Quiz,234,68.9,0.71,0.18,1.7,60.0
PH02,2024-03-01,Unit Test,1142,63.3,0.73,0.08,2.3,51.2
PH02,2024-03-01,Mock Exam,1868,64.4,0.66,0.19,1.9,29.4
PH02,2024-03-01,Full Syllabus Test,1576,74.8,0.74,0.14,2.3,55.1
PH02,2024-04-01,Chapter Quiz,1804,61.1,0.64,0.18,2.2,34.8
PH02,2024-04-01,Unit Test,1428,72.1,0.86,0.14,2.7,71.0
PH02,2024-04-01,Mock Exam,813,63.0,0.64,0.2,2.2,31.9
PH02,2024-04-01,Full Syllabus Test,1983,70.9,0.8,0.08,1.6,50.2
PH02,2024-05-01,Chapter Quiz,857,57.8,0.62,0.07,1.9,58.2
PH02,2024-05-01,Unit Test,1798,59.8,0.78,0.1,1.4,83.9
PH02,2024-05-01,Mock Exam,1302,62.3,0.82,0.13,2.2,81.0
PH02,2024-05-01,Full Syllabus Test,979,66.3,0.86,0.15,1.7,34.1
PH02,2024-06-01,Chapter Quiz,1150,69.2,0.69,0.06,1.6,58.7
PH02,2024-06-01,Unit Test,1708,64.3,0.68,0.1,1.9,37.7
PH02,2024-06-01,Mock Exam,888,62.3,0.79,0.07,2.7,26.6
PH02,2024-06-01,Full Syllabus Test,1272,63.6,0.82,0.12,1.7,76.6
PH02,2024-07-01,Chapter Quiz,624,67.3,0.65,0.05,2.1,88.0
PH02,2024-07-01,Unit Test,1638,68.9,0.84,0.18,1.2,58.0
PH02,2024-07-01,Mock Exam,1529,59.8,0.68,0.13,2.5,30.6
PH02,2024-07-01,Full Syllabus Test,210,58.2,0.57,0.11,1.3,44.0
PH02,2024-08-01,Chapter Quiz,517,74.6,0.9,0.15,2.4,67.9
PH02,2024-08-01,Unit Test,533,58.7,0.72,0.2,1.4,66.1
PH02,2024-08-01,Mock Exam,377,60.2,0.58,0.11,2.6,84.6
PH02,2024-08-01,Full Syllabus Test,1179,66.2,0.77,0.06,1.9,61.1
PH02,2024-09-01,Chapter Quiz,986,67.7,0.68,0.17,2.1,70.8
PH02,2024-09-01,Unit Test,1622,58.3,0.66,0.11,1.4,25.6
PH02,2024-09-01,Mock Exam,1224,70.2,0.81,0.16,2.4,83.4
PH02,2024-09-01,Full Syllabus Test,882,57.7,0.73,0.18,2.3,88.8
PH02,2024-10-01,Chapter Quiz,1126,71.9,0.71,0.12,2.4,25.3
PH02,2024-10-01,Unit Test,1570,75.2,0.87,0.07,1.6,33.4
PH02,2024-10-01,Mock Exam,1891,66.9,0.8,0.08,1.3,75.3
PH02,2024-10-01,Full Syllabus Test,325,63.8,0.8,0.07,1.8,70.1
PH02,2024-11-01,Chapter Quiz,919,59.8,0.61,0.07,1.6,81.5
PH02,2024-11-01,Unit Test,1496,75.3,0.95,0.07,1.6,74.2
PH02,2024-11-01,Mock Exam,1376,68.8,0.7,0.07,1.6,35.4
PH02,2024-11-01,Full Syllabus Test,704,57.7,0.58,0.09,2.3,78.9
PH02,2024-12-01,Chapter Quiz,1911,72.3,0.85,0.06,1.8,80.4
PH02,2024-12-01,Unit Test,1946,57.6,0.57,0.16,1.5,36.8
PH02,2024-12-01,Mock Exam,1256,68.8,0.77,0.11,1.3,83.0
PH02,2024-12-01,Full Syllabus Test,1090,63.9,0.78,0.07,2.7,68.2
PH03,2023-01-01,Chapter Quiz,498,56.7,0.69,0.17,2.6,86.0
PH03,2023-01-01,Unit Test,876,65.0,0.67,0.2,2.2,25.2
PH03,2023-01-01,Mock Exam,1691,63.7,0.72,0.1,2.4,80.1
PH03,2023-01-01,Full Syllabus Test,210,52.6,0.52,0.07,2.8,88.2
PH03,2023-02-01,Chapter Quiz,1521,61.5,0.7,0.17,1.6,46.4
PH03,2023-02-01,Unit Test,1531,67.1,0.76,0.07,1.7,77.7
PH03,2023-02-01,Mock Exam,1647,67.9,0.83,0.15,1.7,86.0
PH03,2023-02-01,Full Syllabus Test,1389,64.9,0.7,0.11,1.4,40.1
PH03,2023-03-01,Chapter Quiz,1091,55.8,0.72,0.11,2.0,87.5
PH03,2023-03-01,Unit Test,510,59.9,0.67,0.14,2.0,48.8
PH03,2023-03-01,Mock Exam,1563,51.9,0.56,0.19,2.8,81.5
PH03,2023-03-01,Full Syllabus Test,475,67.6,0.66,0.12,2.2,77.1
PH03,2023-04-01,Chapter Quiz,1217,52.2,0.53,0.09,1.5,64.2
PH03,2023-04-01,Unit Test,854,58.6,0.66,0.14,1.7,69.8
PH03,2023-04-01,Mock Exam,1761,61.7,0.77,0.13,2.1,57.1
PH03,2023-04-01,Full Syllabus Test,1550,56.9,0.57,0.18,1.7,77.6
PH03,2023-05-01,Chapter Quiz,740,58.3,0.63,0.14,1.6,49.9
PH03,2023-05-01,Unit Test,1120,51.2,0.62,0.12,2.8,81.0
PH03,2023-05-01,Mock Exam,1521,57.6,0.59,0.06,2.0,28.5
PH03,2023-05-01,Full Syllabus Test,271,61.9,0.71,0.19,2.4,80.0
PH03,2023-06-01,Chapter Quiz,1857,54.0,0.57,0.12,2.5,53.4
PH03,2023-06-01,Unit Test,1714,52.9,0.63,0.17,1.6,30.8
PH03,2023-06-01,Mock Exam,643,53.7,0.64,0.12,2.1,30.6
PH03,2023-06-01,Full Syllabus Test,1759,52.5,0.61,0.2,1.5,25.3
PH03,2023-07-01,Chapter Quiz,1575,64.9,0.69,0.06,2.4,73.0
PH03,2023-07-01,Unit Test,968,60.4,0.74,0.14,2.8,68.2
PH03,2023-07-01,Mock Exam,996,68.4,0.71,0.09,2.7,40.0
PH03,2023-07-01,Full Syllabus Test,1293,64.5,0.77,0.07,2.7,52.5
PH03,2023-08-01,Chapter Quiz,741,57.3,0.73,0.05,2.5,35.8
PH03,2023-08-01,Unit Test,1682,57.6,0.74,0.17,1.6,65.4
PH03,2023-08-01,Mock Exam,1107,55.8,0.57,0.09,2.2,86.0
PH03,2023-08-01,Full Syllabus Test,1112,62.4,0.82,0.06,1.4,78.4
PH03,2023-09-01,Chapter Quiz,390,59.1,0.66,0.17,2.1,88.9
PH03,2023-09-01,Unit Test,550,68.7,0.68,0.12,1.9,40.6
PH03,2023-09-01,Mock Exam,280,57.5,0.59,0.11,2.3,29.6
PH03,2023-09-01,Full Syllabus Test,1882,57.0,0.58,0.11,1.6,84.8
PH03,2023-10-01,Chapter Quiz,454,63.5,0.67,0.09,2.5,85.8
PH03,2023-10-01,Unit Test,204,68.3,0.8,0.16,1.9,70.7
PH03,2023-10-01,Mock Exam,1949,54.9,0.66,0.17,1.3,67.5
PH03,2023-10-01,Full Syllabus Test,310,61.3,0.78,0.16,1.4,54.4
PH03,2023-11-01,Chapter Quiz,821,65.6,0.76,0.1,2.4,53.7
PH03,2023-11-01,Unit Test,1726,58.2,0.57,0.19,2.7,83.6
PH03,2023-11-01,Mock Exam,805,60.8,0.72,0.05,2.3,31.6
PH03,2023-11-01,Full Syllabus Test,1730,62.0,0.65,0.18,1.4,62.3
PH03,2023-12-01,Chapter Quiz,434,59.8,0.6,0.06,2.5,55.2
PH03,2023-12-01,Unit Test,297,62.2,0.71,0.05,2.2,64.5
PH03,2023-12-01,Mock Exam,1960,60.9,0.69,0.19,1.5,43.6
PH03,2023-12-01,Full Syllabus Test,1957,51.4,0.54,0.12,1.6,60.1
PH03,2024-01-01,Chapter Quiz,963,67.4,0.72,0.1,2.6,74.8
PH03,2024-01-01,Unit Test,1611,67.1,0.82,0.13,1.5,55.9
PH03,2024-01-01,Mock Exam,1716,54.5,0.71,0.13,1.9,45.9
PH03,2024-01-01,Full Syllabus Test,1295,51.0,0.52,0.18,2.4,52.5
PH03,2024-02-01,Chapter Quiz,1608,56.2,0.7,0.1,2.2,35.1
PH03,2024-02-01,Unit Test,1799,64.6,0.76,0.08,1.7,35.9
PH03,2024-02-01,Mock Exam,375,64.3,0.7,0.2,2.8,34.8
PH03,2024-02-01,Full Syllabus Test,750,54.0,0.59,0.16,2.2,30.4
PH03,2024-03-01,Chapter Quiz,1256,62.8,0.64,0.07,1.7,59.0
PH03,2024-03-01,Unit Test,208,55.3,0.73,0.16,2.6,68.6
PH03,2024-03-01,Mock Exam,293,58.9,0.64,0.15,2.7,63.8
PH03,2024-03-01,Full Syllabus Test,1484,65.3,0.82,0.2,1.6,49.0
PH03,2024-04-01,Chapter Quiz,1495,61.1,0.6,0.12,2.2,42.1
PH03,2024-04-01,Unit Test,1911,68.1,0.86,0.17,2.8,50.2
PH03,2024-04-01,Mock Exam,236,64.0,0.82,0.1,2.1,39.6
PH03,2024-04-01,Full Syllabus Test,1747,57.4,0.75,0.08,1.2,59.6
PH03,2024-05-01,Chapter Quiz,1452,51.5,0.64,0.16,2.1,38.2
PH03,2024-05-01,Unit Test,902,59.1,0.62,0.07,1.3,66.8
PH03,2024-05-01,Mock Exam,1391,58.0,0.69,0.07,1.8,69.4
PH03,2024-05-01,Full Syllabus Test,1003,59.8,0.74,0.09,1.3,43.0
PH03,2024-06-01,Chapter Quiz,1100,60.6,0.63,0.1,2.0,32.9
PH03,2024-06-01,Unit Test,795,56.3,0.68,0.1,2.3,25.8
PH03,2024-06-01,Mock Exam,721,58.8,0.7,0.1,1.5,50.4
PH03,2024-06-01,Full Syllabus Test,1566,67.7,0.7,0.12,1.4,73.3
PH03,2024-07-01,Chapter Quiz,393,54.0,0.71,0.14,1.3,87.6
PH03,2024-07-01,Unit Test,1197,57.8,0.61,0.1,1.3,26.2
PH03,2024-07-01,Mock Exam,998,54.4,0.62,0.11,2.0,76.0
PH03,2024-07-01,Full Syllabus Test,267,54.0,0.52,0.09,1.2,49.4
PH03,2024-08-01,Chapter Quiz,1542,56.6,0.57,0.09,1.9,48.2
PH03,2024-08-01,Unit Test,640,61.3,0.75,0.14,2.2,69.9
PH03,2024-08-01,Mock Exam,1709,58.0,0.64,0.18,2.2,49.8
PH03,2024-08-01,Full Syllabus Test,1914,63.7,0.63,0.18,2.1,35.5
PH03,2024-09-01,Chapter Quiz,909,63.5,0.8,0.11,2.0,49.8
PH03,2024-09-01,Unit Test,878,65.8,0.76,0.11,1.5,44.7
PH03,2024-09-01,Mock Exam,1780,68.6,0.9,0.13,1.5,88.5
PH03,2024-09-01,Full Syllabus Test,1146,53.0,0.52,0.1,2.2,56.7
PH03,2024-10-01,Chapter Quiz,1480,62.1,0.74,0.06,2.1,65.0
PH03,2024-10-01,Unit Test,1752,59.7,0.73,0.08,2.2,65.3
PH03,2024-10-01,Mock Exam,703,58.5,0.75,0.15,1.9,47.1
PH03,2024-10-01,Full Syllabus Test,962,60.6,0.64,0.15,2.2,51.7
PH03,2024-11-01,Chapter Quiz,1867,65.3,0.83,0.06,2.3,40.9
PH03,2024-11-01,Unit Test,722,61.8,0.75,0.18,2.1,40.0
PH03,2024-11-01,Mock Exam,527,68.7,0.85,0.08,2.4,52.8
PH03,2024-11-01,Full Syllabus Test,1924,67.8,0.79,0.18,1.2,34.7
PH03,2024-12-01,Chapter Quiz,1055,61.3,0.74,0.18,2.7,77.9
PH03,2024-12-01,Unit Test,1446,56.5,0.56,0.17,2.5,45.2
PH03,2024-12-01,Mock Exam,1471,67.0,0.82,0.06,1.6,56.2
PH03,2024-12-01,Full Syllabus Test,403,61.2,0.69,0.19,2.0,38.8
CH01,2023-01-01,Chapter Quiz,679,77.1,0.98,0.15,1.4,54.5
CH01,2023-01-01,Unit Test,1391,80.0,0.84,0.14,1.3,26.2
CH01,2023-01-01,Mock Exam,1221,71.7,0.8,0.09,1.4,34.2
CH01,2023-01-01,Full Syllabus Test,1586,72.0,0.94,0.1,2.0,28.6
CH01,2023-02-01,Chapter Quiz,1667,65.9,0.76,0.19,1.4,27.7
CH01,2023-02-01,Unit Test,667,79.6,0.8,0.16,1.4,55.3
CH01,2023-02-01,Mock Exam,748,73.6,0.9,0.13,2.2,65.0
CH01,2023-02-01,Full Syllabus Test,510,68.3,0.89,0.09,2.5,70.3
CH01,2023-03-01,Chapter Quiz,454,63.8,0.83,0.08,2.2,39.4
CH01,2023-03-01,Unit Test,1833,77.3,0.8,0.19,2.2,59.6
CH01,2023-03-01,Mock Exam,1271,81.8,0.94,0.07,1.2,61.9
CH01,2023-03-01,Full Syllabus Test,422,79.6,0.94,0.16,1.6,55.8
CH01,2023-04-01,Chapter Quiz,1344,66.9,0.78,0.19,1.9,73.9
CH01,2023-04-01,Unit Test,974,82.9,0.88,0.15,2.3,69.4
CH01,2023-04-01,Mock Exam,703,66.1,0.79,0.15,1.2,87.1
CH01,2023-04-01,Full Syllabus Test,1325,80.9,0.98,0.13,1.7,48.3
CH01,2023-05-01,Chapter Quiz,455,70.0,0.8,0.06,2.8,78.9
CH01,2023-05-01,Unit Test,881,75.2,0.88,0.14,1.9,27.5
CH01,2023-05-01,Mock Exam,1822,72.1,0.8,0.06,1.4,42.8
CH01,2023-05-01,Full Syllabus Test,1254,75.2,0.74,0.2,1.4,50.5
CH01,2023-06-01,Chapter Quiz,1578,65.6,0.64,0.16,1.6,84.5
CH01,2023-06-01,Unit Test,1917,84.9,0.91,0.14,1.5,80.5
CH01,2023-06-01,Mock Exam,1501,75.3,0.91,0.19,2.5,88.8
CH01,2023-06-01,Full Syllabus Test,888,73.6,0.77,0.19,2.6,75.8
CH01,2023-07-01,Chapter Quiz,351,78.6,0.98,0.12,2.3,39.1
CH01,2023-07-01,Unit Test,1788,84.9,0.98,0.1,1.7,54.0
CH01,2023-07-01,Mock Exam,274,84.0,0.9,0.16,2.5,31.9
CH01,2023-07-01,Full Syllabus Test,1769,70.8,0.85,0.09,1.4,84.8
CH01,2023-08-01,Chapter Quiz,1356,66.0,0.67,0.1,2.0,44.4
CH01,2023-08-01,Unit Test,795,68.1,0.66,0.14,2.5,36.6
CH01,2023-08-01,Mock Exam,1949,81.4,0.98,0.15,2.0,33.2
CH01,2023-08-01,Full Syllabus Test,1189,71.6,0.71,0.2,1.3,49.1
CH01,2023-09-01,Chapter Quiz,1427,69.5,0.85,0.17,2.2,86.8
CH01,2023-09-01,Unit Test,1981,76.8,0.85,0.09,2.0,44.0
CH01,2023-09-01,Mock Exam,592,74.1,0.95,0.12,1.5,81.6
CH01,2023-09-01,Full Syllabus Test,220,84.0,0.97,0.06,2.3,33.9
CH01,2023-10-01,Chapter Quiz,1222,66.2,0.74,0.12,1.9,72.0
CH01,2023-10-01,Unit Test,1538,67.0,0.76,0.14,1.6,51.9
CH01,2023-10-01,Mock Exam,1496,68.5,0.66,0.15,1.3,47.9
CH01,2023-10-01,Full Syllabus Test,1165,79.2,0.98,0.06,2.0,42.7
CH01,2023-11-01,Chapter Quiz,1593,74.7,0.95,0.17,1.8,40.6
CH01,2023-11-01,Unit Test,671,70.2,0.89,0.13,2.1,71.8
CH01,2023-11-01,Mock Exam,1840,78.5,0.98,0.11,1.4,40.2
CH01,2023-11-01,Full Syllabus Test,1016,77.8,0.9,0.15,2.4,36.7
CH01,2023-12-01,Chapter Quiz,1892,83.7,0.98,0.1,1.6,64.1
CH01,2023-12-01,Unit Test,1494,70.7,0.92,0.11,2.4,40.1
CH01,2023-12-01,Mock Exam,1299,80.5,0.98,0.11,1.3,72.4
CH01,2023-12-01,Full Syllabus Test,1064,70.1,0.9,0.1,2.0,41.2
CH01,2024-01-01,Chapter Quiz,203,81.8,0.84,0.06,2.1,61.8
CH01,2024-01-01,Unit Test,371,64.5,0.67,0.19,1.3,33.8
CH01,2024-01-01,Mock Exam,1688,66.7,0.84,0.18,1.3,48.7
CH01,2024-01-01,Full Syllabus Test,1208,70.6,0.92,0.17,2.5,44.7
CH01,2024-02-01,Chapter Quiz,637,73.4,0.88,0.17,2.0,86.6
CH01,2024-02-01,Unit Test,376,64.5,0.72,0.15,1.6,42.1
CH01,2024-02-01,Mock Exam,1397,74.1,0.93,0.17,1.7,46.1
CH01,2024-02-01,Full Syllabus Test,745,83.3,0.9,0.1,2.8,32.4
CH01,2024-03-01,Chapter Quiz,1334,76.2,0.86,0.06,2.3,58.5
CH01,2024-03-01,Unit Test,822,66.4,0.76,0.13,1.5,88.9
CH01,2024-03-01,Mock Exam,1466,77.1,0.98,0.08,2.0,70.1
CH01,2024-03-01,Full Syllabus Test,489,64.5,0.8,0.09,1.9,82.6
CH01,2024-04-01,Chapter Quiz,616,69.1,0.79,0.06,1.9,48.2
CH01,2024-04-01,Unit Test,1526,76.2,0.79,0.12,2.2,63.7
CH01,2024-04-01,Mock Exam,1134,79.4,0.97,0.12,2.7,27.6
CH01,2024-04-01,Full Syllabus Test,899,84.8,0.9,0.16,2.8,67.2
CH01,2024-05-01,Chapter Quiz,1610,79.7,0.96,0.07,1.7,30.6
CH01,2024-05-01,Unit Test,1514,64.7,0.66,0.19,2.0,78.3
CH01,2024-05-01,Mock Exam,810,74.5,0.96,0.17,2.6,60.7
CH01,2024-05-01,Full Syllabus Test,667,68.7,0.86,0.17,1.7,48.4
CH01,2024-06-01,Chapter Quiz,1967,65.7,0.83,0.07,2.5,72.6
CH01,2024-06-01,Unit Test,1980,65.9,0.67,0.17,2.3,89.9
CH01,2024-06-01,Mock Exam,1692,80.1,0.98,0.2,1.5,33.2
CH01,2024-06-01,Full Syllabus Test,1993,71.8,0.84,0.1,2.6,31.1
CH01,2024-07-01,Chapter Quiz,1942,79.6,0.98,0.15,1.9,74.5
CH01,2024-07-01,Unit Test,1293,67.0,0.86,0.18,2.3,26.7
CH01,2024-07-01,Mock Exam,1941,72.6,0.87,0.06,2.2,45.8
CH01,2024-07-01,Full Syllabus Test,467,67.8,0.88,0.06,2.2,66.0
CH01,2024-08-01,Chapter Quiz,1385,85.6,0.84,0.18,1.3,73.0
CH01,2024-08-01,Unit Test,1901,77.6,0.82,0.19,1.9,28.1
CH01,2024-08-01,Mock Exam,1171,69.6,0.82,0.16,2.5,62.2
CH01,2024-08-01,Full Syllabus Test,555,84.9,0.98,0.16,2.3,29.7
CH01,2024-09-01,Chapter Quiz,249,73.0,0.78,0.17,2.4,79.5
CH01,2024-09-01,Unit Test,342,75.1,0.98,0.13,2.4,28.1
CH01,2024-09-01,Mock Exam,1523,66.6,0.8,0.08,2.5,49.1
CH01,2024-09-01,Full Syllabus Test,1841,83.6,0.9,0.12,1.2,85.4
CH01,2024-10-01,Chapter Quiz,1917,69.0,0.86,0.16,1.5,50.1
CH01,2024-10-01,Unit Test,1189,74.3,0.96,0.18,1.4,64.8
CH01,2024-10-01,Mock Exam,763,83.4,0.98,0.12,1.4,62.7
CH01,2024-10-01,Full Syllabus Test,1428,77.4,0.98,0.13,1.3,49.5
CH01,2024-11-01,Chapter Quiz,762,70.1,0.72,0.14,1.2,34.5
CH01,2024-11-01,Unit Test,1391,64.9,0.84,0.1,1.5,74.3
CH01,2024-11-01,Mock Exam,1027,78.0,0.75,0.14,2.1,37.8
CH01,2024-11-01,Full Syllabus Test,902,71.3,0.72,0.08,2.8,55.9
CH01,2024-12-01,Chapter Quiz,937,77.4,0.86,0.05,1.6,67.4
CH01,2024-12-01,Unit Test,1224,79.6,0.84,0.18,1.9,68.5
CH01,2024-12-01,Mock Exam,542,77.0,0.77,0.14,1.5,53.0
CH01,2024-12-01,Full Syllabus Test,507,68.3,0.78,0.17,2.6,35.4
CH02,2023-01-01,Chapter Quiz,753,78.3,0.78,0.17,1.8,40.6
CH02,2023-01-01,Unit Test,1124,69.7,0.88,0.12,1.5,55.6
CH02,2023-01-01,Mock Exam,793,77.5,0.89,0.2,1.4,54.5
CH02,2023-01-01,Full Syllabus Test,926,61.2,0.6,0.18,2.0,44.1
CH02,2023-02-01,Chapter Quiz,1862,68.7,0.87,0.1,1.6,34.3
CH02,2023-02-01,Unit Test,434,71.1,0.79,0.13,1.3,56.7
CH02,2023-02-01,Mock Exam,1676,78.3,0.89,0.1,2.2,39.4
CH02,2023-02-01,Full Syllabus Test,809,65.4,0.77,0.15,2.1,53.5
CH02,2023-03-01,Chapter Quiz,1899,60.4,0.73,0.15,1.6,82.1
CH02,2023-03-01,Unit Test,285,76.2,0.89,0.1,2.1,39.7
CH02,2023-03-01,Mock Exam,1582,76.2,0.93,0.2,1.4,36.7
CH02,2023-03-01,Full Syllabus Test,1085,64.6,0.75,0.19,1.3,88.6
CH02,2023-04-01,Chapter Quiz,1144,68.2,0.86,0.08,2.2,80.0
CH02,2023-04-01,Unit Test,1364,79.1,0.98,0.16,1.6,30.1
CH02,2023-04-01,Mock Exam,1935,61.9,0.71,0.19,1.7,63.1
CH02,2023-04-01,Full Syllabus Test,1369,78.5,0.93,0.06,1.4,63.7
CH02,2023-05-01,Chapter Quiz,1386,78.1,0.83,0.19,1.6,48.1
CH02,2023-05-01,Unit Test,462,59.0,0.66,0.12,2.3,74.8
CH02,2023-05-01,Mock Exam,1700,68.7,0.83,0.11,2.0,87.7
CH02,2023-05-01,Full Syllabus Test,1193,61.4,0.65,0.2,1.2,59.6
CH02,2023-06-01,Chapter Quiz,1615,61.9,0.8,0.06,1.4,81.6
CH02,2023-06-01,Unit Test,1530,67.4,0.67,0.15,1.7,31.2
CH02,2023-06-01,Mock Exam,1684,73.5,0.91,0.14,2.2,77.4
CH02,2023-06-01,Full Syllabus Test,1045,71.4,0.91,0.16,1.4,84.9
CH02,2023-07-01,Chapter Quiz,1309,73.3,0.83,0.08,2.8,76.4
CH02,2023-07-01,Unit Test,871,70.7,0.69,0.09,2.3,66.1
CH02,2023-07-01,Mock Exam,1231,59.8,0.78,0.12,1.9,64.5
CH02,2023-07-01,Full Syllabus Test,1242,64.9,0.63,0.16,1.7,34.8
CH02,2023-08-01,Chapter Quiz,377,62.8,0.72,0.12,1.4,51.5
CH02,2023-08-01,Unit Test,1346,59.2,0.72,0.2,2.2,83.6
CH02,2023-08-01,Mock Exam,644,74.0,0.93,0.09,1.9,37.6
CH02,2023-08-01,Full Syllabus Test,1188,75.8,0.83,0.07,1.6,37.7
CH02,2023-09-01,Chapter Quiz,1804,67.9,0.75,0.12,1.4,25.4
CH02,2023-09-01,Unit Test,258,69.5,0.83,0.12,1.7,43.8
CH02,2023-09-01,Mock Exam,1599,73.9,0.97,0.17,2.7,81.1
CH02,2023-09-01,Full Syllabus Test,1800,76.9,0.76,0.19,2.5,60.3
CH02,2023-10-01,Chapter Quiz,1020,66.0,0.76,0.12,1.8,35.3
CH02,2023-10-01,Unit Test,1449,71.1,0.92,0.12,2.8,30.2
CH02,2023-10-01,Mock Exam,1477,77.4,0.98,0.13,2.7,56.1
CH02,2023-10-01,Full Syllabus Test,1678,60.4,0.79,0.2,1.5,32.6
CH02,2023-11-01,Chapter Quiz,371,70.5,0.92,0.15,1.3,48.2
CH02,2023-11-01,Unit Test,1298,62.0,0.6,0.15,1.5,79.3
CH02,2023-11-01,Mock Exam,1712,58.7,0.67,0.14,1.4,26.0
CH02,2023-11-01,Full Syllabus Test,505,66.2,0.67,0.09,1.8,31.4
CH02,2023-12-01,Chapter Quiz,261,66.3,0.73,0.14,2.6,43.9
CH02,2023-12-01,Unit Test,1798,63.4,0.62,0.08,2.4,53.0
CH02,2023-12-01,Mock Exam,203,67.2,0.69,0.09,1.8,26.4
CH02,2023-12-01,Full Syllabus Test,1172,58.6,0.62,0.19,2.5,73.6
CH02,2024-01-01,Chapter Quiz,598,78.4,0.94,0.08,1.2,72.4
CH02,2024-01-01,Unit Test,1962,59.8,0.64,0.07,1.8,43.7
CH02,2024-01-01,Mock Exam,340,65.8,0.73,0.16,1.8,88.4
CH02,2024-01-01,Full Syllabus Test,1376,72.8,0.88,0.19,1.4,27.3
CH02,2024-02-01,Chapter Quiz,1639,60.2,0.77,0.08,2.1,65.6
CH02,2024-02-01,Unit Test,1548,71.0,0.83,0.09,1.5,36.6
CH02,2024-02-01,Mock Exam,1440,61.1,0.78,0.13,2.3,52.3
CH02,2024-02-01,Full Syllabus Test,407,76.2,0.94,0.16,1.5,77.0
CH02,2024-03-01,Chapter Quiz,1811,64.6,0.76,0.11,2.0,65.0
CH02,2024-03-01,Unit Test,1743,74.8,0.78,0.1,2.4,35.9
CH02,2024-03-01,Mock Exam,1155,67.4,0.68,0.17,2.0,61.8
CH02,2024-03-01,Full Syllabus Test,811,58.9,0.62,0.08,1.4,76.6
CH02,2024-04-01,Chapter Quiz,1411,75.1,0.92,0.2,2.4,67.7
CH02,2024-04-01,Unit Test,1665,69.1,0.72,0.17,1.5,57.6
CH02,2024-04-01,Mock Exam,1838,69.2,0.9,0.2,2.4,80.9
CH02,2024-04-01,Full Syllabus Test,1637,68.2,0.68,0.17,2.6,33.8
CH02,2024-05-01,Chapter Quiz,1322,71.4,0.79,0.14,2.0,39.1
CH02,2024-05-01,Unit Test,998,67.9,0.66,0.05,1.5,89.7
CH02,2024-05-01,Mock Exam,1206,66.1,0.69,0.08,1.6,39.5
CH02,2024-05-01,Full Syllabus Test,892,73.9,0.92,0.18,2.0,75.1
CH02,2024-06-01,Chapter Quiz,526,64.9,0.73,0.13,2.4,60.6
CH02,2024-06-01,Unit Test,673,72.1,0.7,0.1,2.5,39.1
CH02,2024-06-01,Mock Exam,1929,69.3,0.8,0.12,2.4,42.4
CH02,2024-06-01,Full Syllabus Test,1325,70.1,0.69,0.19,2.6,34.4
CH02,2024-07-01,Chapter Quiz,598,63.4,0.77,0.07,1.7,87.5
CH02,2024-07-01,Unit Test,1458,58.7,0.72,0.15,1.4,46.1
CH02,2024-07-01,Mock Exam,1561,69.1,0.68,0.16,2.6,51.9
CH02,2024-07-01,Full Syllabus Test,943,63.6,0.62,0.11,1.5,67.5
CH02,2024-08-01,Chapter Quiz,549,78.0,0.85,0.16,2.5,89.7
CH02,2024-08-01,Unit Test,1565,68.8,0.71,0.09,2.3,59.7
CH02,2024-08-01,Mock Exam,1707,64.7,0.7,0.05,1.7,34.1
CH02,2024-08-01,Full Syllabus Test,510,65.5,0.75,0.15,2.6,32.9
CH02,2024-09-01,Chapter Quiz,1330,77.4,0.89,0.11,2.2,72.6
CH02,2024-09-01,Unit Test,1486,60.3,0.78,0.12,1.8,75.7
CH02,2024-09-01,Mock Exam,562,71.3,0.83,0.14,1.5,71.5
CH02,2024-09-01,Full Syllabus Test,987,66.2,0.82,0.14,1.9,37.3
CH02,2024-10-01,Chapter Quiz,788,68.9,0.75,0.15,1.7,84.2
CH02,2024-10-01,Unit Test,1548,63.5,0.66,0.17,2.2,33.6
CH02,2024-10-01,Mock Exam,1175,60.9,0.76,0.11,2.5,47.7
CH02,2024-10-01,Full Syllabus Test,668,69.5,0.87,0.1,1.8,60.4
CH02,2024-11-01,Chapter Quiz,1626,67.4,0.72,0.13,1.2,82.5
CH02,2024-11-01,Unit Test,1139,60.7,0.61,0.06,1.8,79.5
CH02,2024-11-01,Mock Exam,408,64.4,0.69,0.08,1.7,50.9
CH02,2024-11-01,Full Syllabus Test,1309,65.6,0.86,0.13,1.3,36.6
CH02,2024-12-01,Chapter Quiz,1100,67.3,0.83,0.17,2.1,33.3
CH02,2024-12-01,Unit Test,1233,77.5,0.93,0.19,1.7,27.8
CH02,2024-12-01,Mock Exam,350,59.5,0.7,0.09,2.6,55.2
CH02,2024-12-01,Full Syllabus Test,308,74.1,0.98,0.18,2.6,63.5
CH03,2023-01-01,Chapter Quiz,1518,57.7,0.56,0.08,1.9,67.7
CH03,2023-01-01,Unit Test,635,66.7,0.87,0.15,2.2,83.6
CH03,2023-01-01,Mock Exam,1204,68.3,0.68,0.08,2.5,38.6
CH03,2023-01-01,Full Syllabus Test,1003,63.1,0.74,0.18,1.6,31.4
CH03,2023-02-01,Chapter Quiz,233,59.9,0.63,0.16,2.2,84.9
CH03,2023-02-01,Unit Test,207,54.1,0.58,0.08,2.3,86.3
CH03,2023-02-01,Mock Exam,1359,57.5,0.56,0.11,2.2,41.5
CH03,2023-02-01,Full Syllabus Test,897,54.7,0.63,0.19,1.4,27.7
CH03,2023-03-01,Chapter Quiz,1361,62.0,0.65,0.07,2.2,54.7
CH03,2023-03-01,Unit Test,753,66.4,0.81,0.08,1.3,79.6
CH03,2023-03-01,Mock Exam,1315,63.3,0.64,0.07,2.3,71.9
CH03,2023-03-01,Full Syllabus Test,212,61.3,0.76,0.11,2.1,37.4
CH03,2023-04-01,Chapter Quiz,1245,57.1,0.75,0.19,1.8,26.0
CH03,2023-04-01,Unit Test,1470,58.0,0.76,0.2,2.7,60.3
CH03,2023-04-01,Mock Exam,1203,65.8,0.65,0.15,2.2,46.1
CH03,2023-04-01,Full Syllabus Test,1483,65.2,0.63,0.14,2.2,81.2
CH03,2023-05-01,Chapter Quiz,1411,67.9,0.67,0.14,1.3,46.9
CH03,2023-05-01,Unit Test,929,59.7,0.75,0.09,2.3,37.9
CH03,2023-05-01,Mock Exam,1619,64.9,0.66,0.07,2.7,71.8
CH03,2023-05-01,Full Syllabus Test,215,53.7,0.55,0.18,1.8,30.5
CH03,2023-06-01,Chapter Quiz,377,64.7,0.63,0.14,2.1,57.4
CH03,2023-06-01,Unit Test,233,60.6,0.73,0.09,1.3,75.8
CH03,2023-06-01,Mock Exam,1810,68.2,0.71,0.19,2.6,78.4
CH03,2023-06-01,Full Syllabus Test,1670,67.2,0.87,0.1,1.9,38.1
CH03,2023-07-01,Chapter Quiz,1741,64.6,0.83,0.05,1.9,49.6
CH03,2023-07-01,Unit Test,1820,57.0,0.58,0.16,2.5,44.4
CH03,2023-07-01,Mock Exam,651,71.1,0.7,0.13,2.6,84.4
CH03,2023-07-01,Full Syllabus Test,1007,55.1,0.56,0.15,1.8,78.6
CH03,2023-08-01,Chapter Quiz,1965,61.7,0.73,0.15,2.7,25.5
CH03,2023-08-01,Unit Test,1792,55.0,0.59,0.1,2.5,44.1
CH03,2023-08-01,Mock Exam,1210,70.6,0.72,0.1,2.0,63.2
CH03,2023-08-01,Full Syllabus Test,452,56.0,0.72,0.12,2.2,27.9
CH03,2023-09-01,Chapter Quiz,1481,68.5,0.8,0.18,2.1,72.1
CH03,2023-09-01,Unit Test,475,60.9,0.8,0.15,2.7,37.5
CH03,2023-09-01,Mock Exam,1991,57.1,0.57,0.17,2.6,38.3
CH03,2023-09-01,Full Syllabus Test,774,55.2,0.6,0.07,2.7,59.5
CH03,2023-10-01,Chapter Quiz,1193,57.9,0.6,0.19,2.0,48.3
CH03,2023-10-01,Unit Test,1646,63.7,0.76,0.14,1.2,44.3
CH03,2023-10-01,Mock Exam,615,65.7,0.65,0.11,2.0,39.4
CH03,2023-10-01,Full Syllabus Test,442,58.9,0.76,0.12,2.0,64.9
CH03,2023-11-01,Chapter Quiz,812,54.5,0.62,0.08,1.6,73.8
CH03,2023-11-01,Unit Test,1702,62.0,0.69,0.11,1.4,39.7
CH03,2023-11-01,Mock Exam,469,58.8,0.56,0.1,1.6,71.6
CH03,2023-11-01,Full Syllabus Test,247,69.4,0.68,0.15,1.5,82.2
CH03,2023-12-01,Chapter Quiz,216,67.1,0.74,0.12,2.1,72.8
CH03,2023-12-01,Unit Test,1032,58.1,0.57,0.09,1.9,56.2
CH03,2023-12-01,Mock Exam,1599,68.1,0.68,0.14,1.3,38.0
CH03,2023-12-01,Full Syllabus Test,1887,69.2,0.7,0.07,1.5,65.8
CH03,2024-01-01,Chapter Quiz,1911,60.0,0.61,0.1,1.5,32.1
CH03,2024-01-01,Unit Test,1301,69.3,0.76,0.19,1.9,64.2
CH03,2024-01-01,Mock Exam,1678,60.7,0.73,0.13,2.2,28.6
CH03,2024-01-01,Full Syllabus Test,992,53.4,0.62,0.18,2.7,88.3
CH03,2024-02-01,Chapter Quiz,294,62.7,0.76,0.07,2.6,40.5
CH03,2024-02-01,Unit Test,767,65.3,0.75,0.06,2.2,69.2
CH03,2024-02-01,Mock Exam,286,68.7,0.78,0.15,2.1,59.0
CH03,2024-02-01,Full Syllabus Test,356,59.4,0.61,0.08,1.9,73.3
CH03,2024-03-01,Chapter Quiz,662,59.1,0.6,0.12,2.7,27.2
CH03,2024-03-01,Unit Test,1365,53.3,0.68,0.2,1.8,33.8
CH03,2024-03-01,Mock Exam,1876,64.4,0.8,0.07,1.3,86.2
CH03,2024-03-01,Full Syllabus Test,685,62.1,0.61,0.17,2.1,33.7
CH03,2024-04-01,Chapter Quiz,1375,62.4,0.72,0.09,1.9,58.9
CH03,2024-04-01,Unit Test,937,70.5,0.74,0.16,1.5,51.3
CH03,2024-04-01,Mock Exam,1373,67.0,0.73,0.19,1.6,88.9
CH03,2024-04-01,Full Syllabus Test,1141,63.3,0.71,0.13,2.4,28.3
CH03,2024-05-01,Chapter Quiz,1761,65.3,0.73,0.1,1.7,79.5
CH03,2024-05-01,Unit Test,478,62.5,0.76,0.14,1.6,69.1
CH03,2024-05-01,Mock Exam,1168,71.7,0.83,0.05,2.5,87.5
CH03,2024-05-01,Full Syllabus Test,403,60.1,0.68,0.12,1.3,46.6
CH03,2024-06-01,Chapter Quiz,1277,63.1,0.82,0.19,1.5,72.9
CH03,2024-06-01,Unit Test,671,68.6,0.73,0.06,1.3,27.5
CH03,2024-06-01,Mock Exam,908,53.8,0.63,0.07,2.5,39.5
CH03,2024-06-01,Full Syllabus Test,931,68.1,0.78,0.17,1.7,41.2
CH03,2024-07-01,Chapter Quiz,1191,71.2,0.73,0.14,2.1,76.5
CH03,2024-07-01,Unit Test,1027,64.1,0.76,0.16,1.8,48.4
CH03,2024-07-01,Mock Exam,366,53.6,0.62,0.07,1.6,86.8
CH03,2024-07-01,Full Syllabus Test,1611,53.9,0.57,0.18,1.8,47.5
CH03,2024-08-01,Chapter Quiz,394,60.6,0.77,0.13,2.7,42.8
CH03,2024-08-01,Unit Test,1157,57.5,0.71,0.09,2.8,66.6
CH03,2024-08-01,Mock Exam,1307,62.8,0.68,0.19,1.7,73.5
CH03,2024-08-01,Full Syllabus Test,1661,66.7,0.81,0.06,1.3,28.5
CH03,2024-09-01,Chapter Quiz,1730,58.1,0.66,0.08,2.6,76.8
CH03,2024-09-01,Unit Test,839,59.2,0.74,0.07,2.3,66.8
CH03,2024-09-01,Mock Exam,284,53.6,0.58,0.17,2.4,53.0
CH03,2024-09-01,Full Syllabus Test,1086,56.4,0.63,0.19,2.6,35.0
CH03,2024-10-01,Chapter Quiz,300,67.2,0.72,0.09,1.8,89.7
CH03,2024-10-01,Unit Test,1719,53.5,0.67,0.17,2.5,43.9
CH03,2024-10-01,Mock Exam,495,54.6,0.6,0.15,2.8,54.6
CH03,2024-10-01,Full Syllabus Test,502,62.7,0.72,0.07,2.2,57.9
CH03,2024-11-01,Chapter Quiz,1213,67.0,0.73,0.1,2.3,60.4
CH03,2024-11-01,Unit Test,1155,54.9,0.63,0.06,2.1,59.1
CH03,2024-11-01,Mock Exam,1390,61.4,0.66,0.16,1.7,53.7
CH03,2024-11-01,Full Syllabus Test,779,61.1,0.72,0.16,2.5,84.5
CH03,2024-12-01,Chapter Quiz,1362,64.4,0.68,0.06,2.1,75.7
CH03,2024-12-01,Unit Test,469,56.0,0.55,0.16,2.8,59.9
CH03,2024-12-01,Mock Exam,237,57.1,0.74,0.07,1.7,88.7
CH03,2024-12-01,Full Syllabus Test,1749,65.2,0.74,0.1,2.8,80.5
MA01,2023-01-01,Chapter Quiz,726,65.3,0.76,0.14,2.3,32.2
MA01,2023-01-01,Unit Test,992,74.4,0.91,0.07,1.9,49.6
MA01,2023-01-01,Mock Exam,222,72.5,0.95,0.14,2.1,37.7
MA01,2023-01-01,Full Syllabus Test,1740,66.5,0.73,0.08,1.5,71.2
MA01,2023-02-01,Chapter Quiz,1720,58.3,0.56,0.2,1.9,79.9
MA01,2023-02-01,Unit Test,1886,75.0,0.94,0.2,2.5,33.6
MA01,2023-02-01,Mock Exam,1099,63.7,0.7,0.18,2.7,55.5
MA01,2023-02-01,Full Syllabus Test,1510,72.8,0.71,0.14,2.3,38.7
MA01,2023-03-01,Chapter Quiz,603,58.6,0.57,0.07,1.5,60.1
MA01,2023-03-01,Unit Test,1193,76.3,0.82,0.09,1.5,51.7
MA01,2023-03-01,Mock Exam,604,77.2,0.83,0.15,1.4,47.9
MA01,2023-03-01,Full Syllabus Test,1533,64.1,0.71,0.18,2.4,62.9
MA01,2023-04-01,Chapter Quiz,1955,68.6,0.78,0.18,1.6,67.2
MA01,2023-04-01,Unit Test,487,65.8,0.76,0.06,2.0,30.0
MA01,2023-04-01,Mock Exam,1274,74.8,0.95,0.13,2.0,62.3
MA01,2023-04-01,Full Syllabus Test,690,74.1,0.82,0.05,1.3,41.1
MA01,2023-05-01,Chapter Quiz,1846,78.2,0.92,0.16,1.5,81.0
MA01,2023-05-01,Unit Test,942,72.7,0.83,0.14,2.5,42.4
MA01,2023-05-01,Mock Exam,1285,73.4,0.92,0.08,2.2,83.4
MA01,2023-05-01,Full Syllabus Test,851,73.2,0.73,0.08,1.3,85.9
MA01,2023-06-01,Chapter Quiz,1523,76.1,0.88,0.1,2.1,69.8
MA01,2023-06-01,Unit Test,1698,67.0,0.79,0.19,2.6,69.2
MA01,2023-06-01,Mock Exam,1230,66.7,0.64,0.16,1.8,25.4
MA01,2023-06-01,Full Syllabus Test,1938,64.7,0.81,0.08,1.5,38.2
MA01,2023-07-01,Chapter Quiz,829,60.8,0.69,0.13,1.8,69.7
MA01,2023-07-01,Unit Test,1365,61.9,0.6,0.13,1.6,31.4
MA01,2023-07-01,Mock Exam,1298,66.1,0.71,0.17,1.6,30.4
MA01,2023-07-01,Full Syllabus Test,1839,77.9,0.98,0.06,1.6,69.7
MA01,2023-08-01,Chapter Quiz,1593,71.1,0.69,0.16,2.1,71.9
MA01,2023-08-01,Unit Test,1478,63.7,0.79,0.17,2.2,63.5
MA01,2023-08-01,Mock Exam,433,61.1,0.68,0.08,1.5,63.2
MA01,2023-08-01,Full Syllabus Test,226,58.2,0.62,0.18,1.4,27.0
MA01,2023-09-01,Chapter Quiz,399,69.2,0.75,0.09,1.4,72.5
MA01,2023-09-01,Unit Test,687,77.2,0.88,0.11,2.3,67.5
MA01,2023-09-01,Mock Exam,320,68.6,0.73,0.16,1.6,62.8
MA01,2023-09-01,Full Syllabus Test,823,73.8,0.9,0.08,1.8,51.4
MA01,2023-10-01,Chapter Quiz,254,67.1,0.65,0.1,2.5,35.6
MA01,2023-10-01,Unit Test,409,60.9,0.63,0.2,1.5,49.1
MA01,2023-10-01,Mock Exam,394,74.1,0.88,0.1,2.3,78.7
MA01,2023-10-01,Full Syllabus Test,1935,67.8,0.66,0.17,1.2,85.6
MA01,2023-11-01,Chapter Quiz,826,77.9,0.97,0.08,1.7,60.6
MA01,2023-11-01,Unit Test,509,66.6,0.85,0.11,2.1,45.4
MA01,2023-11-01,Mock Exam,1234,60.8,0.59,0.07,2.0,47.1
MA01,2023-11-01,Full Syllabus Test,1599,66.7,0.76,0.11,2.6,66.7
MA01,2023-12-01,Chapter Quiz,1403,66.5,0.68,0.1,1.5,68.7
MA01,2023-12-01,Unit Test,1076,59.3,0.6,0.11,1.9,84.1
MA01,2023-12-01,Mock Exam,671,71.5,0.7,0.14,2.5,80.9
MA01,2023-12-01,Full Syllabus Test,1121,71.0,0.75,0.13,1.8,55.0
MA01,2024-01-01,Chapter Quiz,1692,77.0,0.9,0.11,2.3,60.7
MA01,2024-01-01,Unit Test,520,60.4,0.74,0.12,1.6,69.0
MA01,2024-01-01,Mock Exam,1369,71.8,0.86,0.1,1.6,25.1
MA01,2024-01-01,Full Syllabus Test,774,62.8,0.67,0.17,2.8,67.8
MA01,2024-02-01,Chapter Quiz,306,76.2,0.93,0.19,2.5,82.4
MA01,2024-02-01,Unit Test,781,70.2,0.72,0.16,2.0,59.8
MA01,2024-02-01,Mock Exam,643,62.4,0.74,0.19,2.1,51.7
MA01,2024-02-01,Full Syllabus Test,777,69.0,0.67,0.2,1.6,83.7
MA01,2024-03-01,Chapter Quiz,671,69.0,0.9,0.15,1.3,26.6
MA01,2024-03-01,Unit Test,1481,77.7,0.95,0.06,1.8,83.7
MA01,2024-03-01,Mock Exam,1805,67.4,0.76,0.11,2.4,54.4
MA01,2024-03-01,Full Syllabus Test,1751,66.7,0.66,0.09,2.3,29.7
MA01,2024-04-01,Chapter Quiz,1207,60.0,0.74,0.09,2.2,76.3
MA01,2024-04-01,Unit Test,1918,60.1,0.74,0.05,1.5,71.0
MA01,2024-04-01,Mock Exam,1064,60.4,0.59,0.08,1.5,63.8
MA01,2024-04-01,Full Syllabus Test,549,65.2,0.79,0.1,1.7,28.1
MA01,2024-05-01,Chapter Quiz,973,66.1,0.64,0.07,1.4,46.4
MA01,2024-05-01,Unit Test,765,69.3,0.76,0.05,2.4,41.3
MA01,2024-05-01,Mock Exam,907,75.6,0.79,0.15,1.8,65.2
MA01,2024-05-01,Full Syllabus Test,357,69.0,0.86,0.05,2.7,69.0
MA01,2024-06-01,Chapter Quiz,980,70.7,0.88,0.11,1.7,25.9
MA01,2024-06-01,Unit Test,1075,60.8,0.73,0.16,2.4,77.1
MA01,2024-06-01,Mock Exam,1742,67.3,0.77,0.07,2.0,86.2
MA01,2024-06-01,Full Syllabus Test,389,75.8,0.98,0.15,1.3,43.9
MA01,2024-07-01,Chapter Quiz,1194,71.7,0.94,0.06,1.8,71.5
MA01,2024-07-01,Unit Test,873,67.6,0.88,0.09,1.5,77.2
MA01,2024-07-01,Mock Exam,842,69.6,0.7,0.06,1.2,73.9
MA01,2024-07-01,Full Syllabus Test,821,72.7,0.79,0.17,2.1,86.3
MA01,2024-08-01,Chapter Quiz,1581,77.6,0.76,0.18,1.5,57.6
MA01,2024-08-01,Unit Test,1965,61.6,0.69,0.15,1.5,45.1
MA01,2024-08-01,Mock Exam,1566,70.2,0.83,0.11,1.4,75.2
MA01,2024-08-01,Full Syllabus Test,465,71.6,0.85,0.12,1.2,36.4
MA01,2024-09-01,Chapter Quiz,1031,73.3,0.87,0.18,2.1,31.4
MA01,2024-09-01,Unit Test,1615,68.7,0.84,0.19,2.1,70.6
MA01,2024-09-01,Mock Exam,1382,74.8,0.75,0.09,1.5,86.2
MA01,2024-09-01,Full Syllabus Test,1394,77.6,0.89,0.13,1.2,59.2
MA01,2024-10-01,Chapter Quiz,1623,66.5,0.83,0.08,2.1,34.3
MA01,2024-10-01,Unit Test,1553,62.4,0.75,0.13,1.8,83.2
MA01,2024-10-01,Mock Exam,497,59.3,0.58,0.1,1.7,44.2
MA01,2024-10-01,Full Syllabus Test,986,66.6,0.84,0.11,2.0,71.0
MA01,2024-11-01,Chapter Quiz,656,78.5,0.89,0.18,1.7,76.9
MA01,2024-11-01,Unit Test,1305,61.9,0.68,0.18,2.5,88.0
MA01,2024-11-01,Mock Exam,957,67.6,0.79,0.13,2.4,79.2
MA01,2024-11-01,Full Syllabus Test,1801,66.1,0.81,0.15,2.3,54.5
MA01,2024-12-01,Chapter Quiz,1742,71.0,0.79,0.17,2.3,47.5
MA01,2024-12-01,Unit Test,343,58.4,0.58,0.09,1.9,30.8
MA01,2024-12-01,Mock Exam,1066,73.3,0.79,0.13,1.3,87.3
MA01,2024-12-01,Full Syllabus Test,213,76.6,0.98,0.05,1.3,88.5
MA02,2023-01-01,Chapter Quiz,229,69.0,0.75,0.14,2.5,45.9
MA02,2023-01-01,Unit Test,421,66.3,0.7,0.2,1.5,35.2
MA02,2023-01-01,Mock Exam,541,68.5,0.9,0.09,2.1,82.3
MA02,2023-01-01,Full Syllabus Test,1122,65.2,0.79,0.14,2.4,37.8
MA02,2023-02-01,Chapter Quiz,863,55.9,0.55,0.19,2.8,78.3
MA02,2023-02-01,Unit Test,786,65.2,0.63,0.17,2.0,49.6
MA02,2023-02-01,Mock Exam,409,59.6,0.66,0.15,1.3,45.9
MA02,2023-02-01,Full Syllabus Test,1497,54.3,0.62,0.09,1.5,51.9
MA02,2023-03-01,Chapter Quiz,1442,61.5,0.77,0.13,1.3,53.8
MA02,2023-03-01,Unit Test,1592,58.0,0.71,0.18,1.7,88.9
MA02,2023-03-01,Mock Exam,1631,64.2,0.78,0.05,1.3,45.8
MA02,2023-03-01,Full Syllabus Test,1717,54.9,0.64,0.08,2.0,80.8
MA02,2023-04-01,Chapter Quiz,552,62.9,0.76,0.05,1.9,69.7
MA02,2023-04-01,Unit Test,851,62.9,0.73,0.19,2.0,74.0
MA02,2023-04-01,Mock Exam,1611,54.8,0.67,0.12,2.6,83.3
MA02,2023-04-01,Full Syllabus Test,1178,71.2,0.69,0.18,2.3,30.1
MA02,2023-05-01,Chapter Quiz,1418,56.7,0.58,0.18,2.4,82.2
MA02,2023-05-01,Unit Test,925,54.2,0.53,0.18,1.7,27.1
MA02,2023-05-01,Mock Exam,933,60.2,0.67,0.12,2.7,85.7
MA02,2023-05-01,Full Syllabus Test,1464,60.3,0.69,0.13,1.5,43.4
MA02,2023-06-01,Chapter Quiz,1155,57.0,0.67,0.07,1.5,45.6
MA02,2023-06-01,Unit Test,991,61.5,0.7,0.06,1.3,35.7
MA02,2023-06-01,Mock Exam,518,58.7,0.66,0.15,1.3,54.0
MA02,2023-06-01,Full Syllabus Test,1160,64.9,0.7,0.06,1.8,66.8
MA02,2023-07-01,Chapter Quiz,783,63.1,0.67,0.09,1.8,62.2
MA02,2023-07-01,Unit Test,1281,54.3,0.55,0.09,2.3,79.4
MA02,2023-07-01,Mock Exam,584,64.7,0.83,0.1,1.7,56.2
MA02,2023-07-01,Full Syllabus Test,1739,58.5,0.66,0.1,2.6,29.1
MA02,2023-08-01,Chapter Quiz,1536,53.7,0.55,0.13,1.6,52.6
MA02,2023-08-01,Unit Test,731,58.4,0.6,0.16,1.6,73.0
MA02,2023-08-01,Mock Exam,320,65.2,0.73,0.14,2.1,66.1
MA02,2023-08-01,Full Syllabus Test,884,68.3,0.71,0.1,1.6,73.0
MA02,2023-09-01,Chapter Quiz,1339,62.2,0.66,0.2,1.7,86.9
MA02,2023-09-01,Unit Test,1076,69.7,0.8,0.13,2.1,86.2
MA02,2023-09-01,Mock Exam,1659,63.3,0.81,0.09,2.2,34.6
MA02,2023-09-01,Full Syllabus Test,1798,64.7,0.76,0.18,2.6,36.2
MA02,2023-10-01,Chapter Quiz,1840,60.2,0.79,0.1,1.9,26.6
MA02,2023-10-01,Unit Test,858,54.9,0.61,0.15,2.3,58.8
MA02,2023-10-01,Mock Exam,1349,67.4,0.82,0.1,2.0,53.7
MA02,2023-10-01,Full Syllabus Test,1093,68.0,0.76,0.18,2.1,65.8
MA02,2023-11-01,Chapter Quiz,269,58.2,0.69,0.08,2.1,35.1
MA02,2023-11-01,Unit Test,1351,60.1,0.79,0.14,2.7,42.5
MA02,2023-11-01,Mock Exam,818,54.9,0.69,0.14,2.1,42.1
MA02,2023-11-01,Full Syllabus Test,1002,54.2,0.69,0.18,1.7,85.2
MA02,2023-12-01,Chapter Quiz,505,60.1,0.69,0.17,2.5,45.8
MA02,2023-12-01,Unit Test,964,67.4,0.81,0.14,2.4,51.7
MA02,2023-12-01,Mock Exam,1242,57.3,0.67,0.17,1.9,58.3
MA02,2023-12-01,Full Syllabus Test,393,55.8,0.55,0.06,2.0,61.8
MA02,2024-01-01,Chapter Quiz,564,57.4,0.72,0.15,2.2,34.2
MA02,2024-01-01,Unit Test,577,53.8,0.58,0.06,1.4,50.5
MA02,2024-01-01,Mock Exam,289,61.0,0.79,0.14,1.3,44.8
MA02,2024-01-01,Full Syllabus Test,316,60.5,0.78,0.07,1.5,61.1
MA02,2024-02-01,Chapter Quiz,1078,70.9,0.93,0.17,1.8,50.2
MA02,2024-02-01,Unit Test,582,66.1,0.65,0.09,2.4,85.7
MA02,2024-02-01,Mock Exam,1225,65.2,0.68,0.17,1.8,88.5
MA02,2024-02-01,Full Syllabus Test,666,69.7,0.8,0.08,1.6,75.9
MA02,2024-03-01,Chapter Quiz,274,60.8,0.73,0.06,2.6,74.4
MA02,2024-03-01,Unit Test,1125,55.7,0.61,0.08,2.1,60.6
MA02,2024-03-01,Mock Exam,327,70.4,0.81,0.16,2.1,82.2
MA02,2024-03-01,Full Syllabus Test,1316,55.8,0.64,0.13,1.3,39.9
MA02,2024-04-01,Chapter Quiz,230,56.6,0.56,0.08,2.2,80.7
MA02,2024-04-01,Unit Test,431,62.0,0.78,0.06,1.3,52.3
MA02,2024-04-01,Mock Exam,505,54.7,0.67,0.1,2.3,76.2
MA02,2024-04-01,Full Syllabus Test,225,58.4,0.66,0.05,1.9,32.2
MA02,2024-05-01,Chapter Quiz,1996,56.4,0.65,0.19,2.2,46.7
MA02,2024-05-01,Unit Test,485,57.8,0.74,0.16,2.1,75.6
MA02,2024-05-01,Mock Exam,440,60.1,0.77,0.09,2.0,75.1
MA02,2024-05-01,Full Syllabus Test,635,59.4,0.57,0.13,1.2,52.4
MA02,2024-06-01,Chapter Quiz,330,67.0,0.68,0.07,2.0,79.4
MA02,2024-06-01,Unit Test,1100,71.3,0.78,0.13,2.7,38.1
MA02,2024-06-01,Mock Exam,1688,59.2,0.78,0.07,2.6,77.7
MA02,2024-06-01,Full Syllabus Test,1698,58.4,0.63,0.08,1.4,64.7
MA02,2024-07-01,Chapter Quiz,1475,71.8,0.81,0.08,1.4,75.1
MA02,2024-07-01,Unit Test,240,68.3,0.81,0.06,1.9,53.1
MA02,2024-07-01,Mock Exam,578,67.3,0.69,0.16,1.9,42.8
MA02,2024-07-01,Full Syllabus Test,525,62.8,0.77,0.06,1.3,64.4
MA02,2024-08-01,Chapter Quiz,313,66.0,0.67,0.12,2.6,62.7
MA02,2024-08-01,Unit Test,635,68.1,0.69,0.08,2.8,50.2
MA02,2024-08-01,Mock Exam,1705,56.8,0.62,0.07,2.6,71.9
MA02,2024-08-01,Full Syllabus Test,207,64.5,0.66,0.17,1.4,89.0
MA02,2024-09-01,Chapter Quiz,1421,70.4,0.81,0.17,1.9,85.9
MA02,2024-09-01,Unit Test,242,70.4,0.89,0.11,2.0,63.6
MA02,2024-09-01,Mock Exam,499,62.8,0.64,0.16,2.4,85.9
MA02,2024-09-01,Full Syllabus Test,667,70.8,0.79,0.14,1.4,32.1
MA02,2024-10-01,Chapter Quiz,1049,61.9,0.81,0.08,2.4,70.6
MA02,2024-10-01,Unit Test,1328,66.7,0.69,0.15,2.2,36.1
MA02,2024-10-01,Mock Exam,1642,70.6,0.69,0.18,1.5,70.1
MA02,2024-10-01,Full Syllabus Test,398,56.4,0.73,0.12,2.4,39.9
MA02,2024-11-01,Chapter Quiz,861,55.2,0.68,0.19,2.4,69.4
MA02,2024-11-01,Unit Test,1220,69.7,0.89,0.12,2.3,29.8
MA02,2024-11-01,Mock Exam,1151,70.6,0.73,0.12,2.3,70.3
MA02,2024-11-01,Full Syllabus Test,1915,57.1,0.58,0.1,2.5,62.8
MA02,2024-12-01,Chapter Quiz,262,72.3,0.84,0.09,2.5,89.7
MA02,2024-12-01,Unit Test,1334,64.2,0.71,0.08,2.3,61.0
MA02,2024-12-01,Mock Exam,1152,67.4,0.78,0.09,1.8,28.1
MA02,2024-12-01,Full Syllabus Test,1002,61.5,0.64,0.18,2.6,78.7
MA03,2023-01-01,Chapter Quiz,325,65.0,0.85,0.14,1.8,53.9
MA03,2023-01-01,Unit Test,1735,56.3,0.69,0.19,1.5,88.7
MA03,2023-01-01,Mock Exam,1350,62.7,0.65,0.16,1.6,83.8
MA03,2023-01-01,Full Syllabus Test,1731,51.3,0.52,0.14,1.5,83.1
MA03,2023-02-01,Chapter Quiz,1817,60.3,0.61,0.14,1.3,46.9
MA03,2023-02-01,Unit Test,544,54.3,0.56,0.16,2.0,54.6
MA03,2023-02-01,Mock Exam,1088,50.1,0.52,0.11,1.5,49.8
MA03,2023-02-01,Full Syllabus Test,1952,57.5,0.64,0.19,1.8,37.4
MA03,2023-03-01,Chapter Quiz,678,55.6,0.57,0.18,2.1,33.8
MA03,2023-03-01,Unit Test,317,56.6,0.63,0.19,1.8,31.0
MA03,2023-03-01,Mock Exam,466,54.5,0.66,0.07,2.4,82.7
MA03,2023-03-01,Full Syllabus Test,1721,53.6,0.56,0.16,2.0,55.1
MA03,2023-04-01,Chapter Quiz,1273,51.2,0.56,0.11,2.6,39.2
MA03,2023-04-01,Unit Test,1233,49.6,0.59,0.17,1.6,72.7
MA03,2023-04-01,Mock Exam,220,49.0,0.49,0.15,1.8,54.8
MA03,2023-04-01,Full Syllabus Test,1224,51.3,0.5,0.11,2.6,73.7
MA03,2023-05-01,Chapter Quiz,1996,58.6,0.62,0.07,2.7,76.7
MA03,2023-05-01,Unit Test,420,50.4,0.59,0.19,2.3,63.6
MA03,2023-05-01,Mock Exam,1890,64.5,0.69,0.2,2.2,82.1
MA03,2023-05-01,Full Syllabus Test,1951,60.8,0.59,0.1,1.7,32.3
MA03,2023-06-01,Chapter Quiz,619,58.8,0.7,0.09,2.2,54.7
MA03,2023-06-01,Unit Test,1625,64.4,0.83,0.12,1.9,37.1
MA03,2023-06-01,Mock Exam,1269,63.2,0.74,0.11,2.8,31.6
MA03,2023-06-01,Full Syllabus Test,1970,53.2,0.6,0.15,2.4,75.9
MA03,2023-07-01,Chapter Quiz,312,53.9,0.7,0.17,1.7,64.8
MA03,2023-07-01,Unit Test,763,53.9,0.63,0.09,2.2,75.5
MA03,2023-07-01,Mock Exam,1206,64.5,0.65,0.18,2.2,41.8
MA03,2023-07-01,Full Syllabus Test,608,59.8,0.65,0.05,2.6,63.9
MA03,2023-08-01,Chapter Quiz,263,61.5,0.69,0.13,2.2,43.3
MA03,2023-08-01,Unit Test,1527,57.1,0.67,0.14,2.6,41.5
MA03,2023-08-01,Mock Exam,801,60.7,0.72,0.1,2.3,82.4
MA03,2023-08-01,Full Syllabus Test,1242,60.2,0.66,0.13,1.6,40.4
MA03,2023-09-01,Chapter Quiz,1387,52.5,0.58,0.13,1.8,31.8
MA03,2023-09-01,Unit Test,1918,57.9,0.66,0.14,1.6,48.3
MA03,2023-09-01,Mock Exam,1468,49.7,0.49,0.2,2.0,54.1
MA03,2023-09-01,Full Syllabus Test,1742,48.6,0.52,0.18,2.3,46.5
MA03,2023-10-01,Chapter Quiz,1195,51.1,0.54,0.17,2.2,27.4
MA03,2023-10-01,Unit Test,1899,63.4,0.71,0.12,2.5,44.9
MA03,2023-10-01,Mock Exam,960,52.8,0.51,0.07,2.3,58.1
MA03,2023-10-01,Full Syllabus Test,1807,58.5,0.57,0.13,2.6,30.3
MA03,2023-11-01,Chapter Quiz,619,64.0,0.71,0.09,1.9,33.7
MA03,2023-11-01,Unit Test,428,55.6,0.63,0.13,2.6,76.2
MA03,2023-11-01,Mock Exam,1273,51.3,0.56,0.11,2.8,26.2
MA03,2023-11-01,Full Syllabus Test,768,60.5,0.77,0.12,2.3,59.1
MA03,2023-12-01,Chapter Quiz,248,59.1,0.63,0.15,1.9,75.9
MA03,2023-12-01,Unit Test,1465,60.7,0.72,0.19,1.8,57.5
MA03,2023-12-01,Mock Exam,304,62.8,0.78,0.19,1.3,77.5
MA03,2023-12-01,Full Syllabus Test,1162,65.1,0.67,0.14,2.2,56.8
MA03,2024-01-01,Chapter Quiz,970,50.9,0.54,0.11,2.0,29.2
MA03,2024-01-01,Unit Test,975,65.6,0.82,0.09,1.5,86.9
MA03,2024-01-01,Mock Exam,1643,52.7,0.52,0.18,1.4,44.5
MA03,2024-01-01,Full Syllabus Test,691,63.8,0.69,0.16,2.3,56.5
MA03,2024-02-01,Chapter Quiz,1227,60.7,0.71,0.1,1.7,55.4
MA03,2024-02-01,Unit Test,1202,61.3,0.77,0.18,2.5,65.6
MA03,2024-02-01,Mock Exam,224,59.9,0.61,0.12,2.3,55.1
MA03,2024-02-01,Full Syllabus Test,200,62.4,0.65,0.1,2.5,44.6
MA03,2024-03-01,Chapter Quiz,1152,50.2,0.61,0.19,2.5,73.6
MA03,2024-03-01,Unit Test,476,59.8,0.73,0.11,2.6,79.8
MA03,2024-03-01,Mock Exam,1132,62.3,0.66,0.15,2.3,60.5
MA03,2024-03-01,Full Syllabus Test,768,64.4,0.69,0.2,1.7,41.5
MA03,2024-04-01,Chapter Quiz,1813,55.4,0.71,0.15,1.2,84.6
MA03,2024-04-01,Unit Test,270,61.7,0.76,0.17,1.7,53.2
MA03,2024-04-01,Mock Exam,1313,50.0,0.54,0.2,1.9,56.9
MA03,2024-04-01,Full Syllabus Test,776,60.5,0.66,0.13,1.3,31.5
MA03,2024-05-01,Chapter Quiz,375,65.3,0.64,0.19,2.4,61.2
MA03,2024-05-01,Unit Test,1519,49.8,0.6,0.17,2.0,42.0
MA03,2024-05-01,Mock Exam,1859,62.6,0.75,0.05,1.3,26.7
MA03,2024-05-01,Full Syllabus Test,1773,54.2,0.58,0.07,2.4,68.0
MA03,2024-06-01,Chapter Quiz,244,65.3,0.7,0.06,1.8,46.1
MA03,2024-06-01,Unit Test,203,50.1,0.66,0.14,1.3,55.4
MA03,2024-06-01,Mock Exam,315,58.6,0.62,0.19,2.2,80.2
MA03,2024-06-01,Full Syllabus Test,1754,63.1,0.71,0.14,2.3,59.6
MA03,2024-07-01,Chapter Quiz,1575,61.2,0.66,0.06,2.1,65.2
MA03,2024-07-01,Unit Test,1236,59.1,0.58,0.16,1.9,50.7
MA03,2024-07-01,Mock Exam,1619,56.6,0.74,0.09,1.8,80.8
MA03,2024-07-01,Full Syllabus Test,683,55.9,0.55,0.2,2.7,36.2
MA03,2024-08-01,Chapter Quiz,552,52.0,0.68,0.09,1.4,25.0
MA03,2024-08-01,Unit Test,376,54.7,0.69,0.08,1.7,81.4
MA03,2024-08-01,Mock Exam,1626,61.2,0.65,0.14,1.4,80.8
MA03,2024-08-01,Full Syllabus Test,1783,56.0,0.71,0.13,1.9,45.6
MA03,2024-09-01,Chapter Quiz,931,60.7,0.79,0.08,2.3,77.9
MA03,2024-09-01,Unit Test,1042,50.7,0.6,0.17,2.7,57.8
MA03,2024-09-01,Mock Exam,1403,53.3,0.68,0.05,1.4,36.7
MA03,2024-09-01,Full Syllabus Test,886,63.3,0.71,0.19,1.9,29.0
MA03,2024-10-01,Chapter Quiz,408,65.7,0.71,0.18,1.5,35.4
MA03,2024-10-01,Unit Test,1562,56.5,0.56,0.1,2.3,76.9
MA03,2024-10-01,Mock Exam,1567,53.5,0.67,0.09,2.0,59.9
MA03,2024-10-01,Full Syllabus Test,1389,64.4,0.7,0.07,2.6,77.4
MA03,2024-11-01,Chapter Quiz,327,64.6,0.65,0.07,2.1,36.5
MA03,2024-11-01,Unit Test,725,59.7,0.78,0.17,1.3,44.3
MA03,2024-11-01,Mock Exam,545,59.8,0.58,0.15,2.5,51.8
MA03,2024-11-01,Full Syllabus Test,289,57.8,0.75,0.12,2.3,49.9
MA03,2024-12-01,Chapter Quiz,1449,49.4,0.49,0.13,2.1,42.2
MA03,2024-12-01,Unit Test,1200,53.6,0.56,0.09,2.2,82.1
MA03,2024-12-01,Mock Exam,823,64.0,0.81,0.08,1.8,30.5
MA03,2024-12-01,Full Syllabus Test,1840,59.1,0.61,0.12,2.4,80.9
BI01,2023-01-01,Chapter Quiz,708,67.8,0.81,0.13,2.3,78.4
BI01,2023-01-01,Unit Test,1531,69.0,0.71,0.15,2.1,82.2
BI01,2023-01-01,Mock Exam,1568,73.3,0.76,0.17,1.6,68.7
BI01,2023-01-01,Full Syllabus Test,1112,82.0,0.84,0.13,1.6,82.7
BI01,2023-02-01,Chapter Quiz,1208,86.7,0.98,0.16,1.7,36.2
BI01,2023-02-01,Unit Test,770,86.6,0.98,0.1,2.1,49.2
BI01,2023-02-01,Mock Exam,563,76.3,0.88,0.09,2.5,88.7
BI01,2023-02-01,Full Syllabus Test,1855,74.4,0.89,0.1,2.0,29.4
BI01,2023-03-01,Chapter Quiz,658,89.3,0.98,0.07,2.6,87.5
BI01,2023-03-01,Unit Test,1492,71.5,0.75,0.07,1.3,53.3
BI01,2023-03-01,Mock Exam,1790,71.6,0.69,0.06,2.4,46.9
BI01,2023-03-01,Full Syllabus Test,420,85.5,0.98,0.14,1.7,70.8
BI01,2023-04-01,Chapter Quiz,324,87.2,0.84,0.17,2.4,38.6
BI01,2023-04-01,Unit Test,976,67.3,0.87,0.19,1.7,25.8
BI01,2023-04-01,Mock Exam,1040,84.9,0.91,0.09,1.7,25.5
BI01,2023-04-01,Full Syllabus Test,1067,87.3,0.98,0.1,2.2,87.4
BI01,2023-05-01,Chapter Quiz,1393,86.5,0.98,0.13,1.2,68.0
BI01,2023-05-01,Unit Test,260,67.2,0.86,0.17,2.2,84.4
BI01,2023-05-01,Mock Exam,1723,76.6,0.88,0.19,1.6,84.5
BI01,2023-05-01,Full Syllabus Test,1043,73.5,0.71,0.06,2.2,65.1
BI01,2023-06-01,Chapter Quiz,1469,71.7,0.82,0.11,1.3,60.5
BI01,2023-06-01,Unit Test,471,71.2,0.8,0.06,1.4,69.8
BI01,2023-06-01,Mock Exam,835,75.1,0.92,0.14,1.3,88.4
BI01,2023-06-01,Full Syllabus Test,749,73.1,0.91,0.1,2.7,45.3
BI01,2023-07-01,Chapter Quiz,1468,85.3,0.83,0.13,1.6,31.6
BI01,2023-07-01,Unit Test,1701,81.9,0.87,0.12,1.9,86.6
BI01,2023-07-01,Mock Exam,1565,78.5,0.81,0.13,1.5,46.9
BI01,2023-07-01,Full Syllabus Test,1681,77.5,0.96,0.07,1.7,40.1
BI01,2023-08-01,Chapter Quiz,1518,84.5,0.98,0.13,1.7,61.7
BI01,2023-08-01,Unit Test,1132,75.4,0.75,0.08,2.7,39.4
BI01,2023-08-01,Mock Exam,1815,84.4,0.93,0.19,2.3,57.4
BI01,2023-08-01,Full Syllabus Test,1491,79.6,0.9,0.16,2.3,58.5
BI01,2023-09-01,Chapter Quiz,1065,81.2,0.78,0.11,1.7,47.4
BI01,2023-09-01,Unit Test,1789,85.4,0.95,0.08,2.1,58.4
BI01,2023-09-01,Mock Exam,1667,68.2,0.8,0.17,2.0,49.9
BI01,2023-09-01,Full Syllabus Test,1633,68.4,0.83,0.15,2.0,79.3
BI01,2023-10-01,Chapter Quiz,1198,78.7,0.78,0.16,1.8,82.1
BI01,2023-10-01,Unit Test,200,79.0,0.91,0.13,2.7,60.3
BI01,2023-10-01,Mock Exam,1343,88.0,0.98,0.11,2.8,59.2
BI01,2023-10-01,Full Syllabus Test,513,75.5,0.73,0.07,2.1,71.6
BI01,2023-11-01,Chapter Quiz,1629,77.9,0.93,0.18,2.6,48.7
BI01,2023-11-01,Unit Test,1755,85.0,0.98,0.17,1.6,33.7
BI01,2023-11-01,Mock Exam,1848,87.0,0.98,0.13,2.4,49.0
BI01,2023-11-01,Full Syllabus Test,1396,70.8,0.72,0.12,1.6,68.2
BI01,2023-12-01,Chapter Quiz,1937,82.7,0.98,0.12,1.9,25.8
BI01,2023-12-01,Unit Test,1899,77.3,0.98,0.16,1.4,45.8
BI01,2023-12-01,Mock Exam,403,76.7,0.91,0.17,2.4,83.7
BI01,2023-12-01,Full Syllabus Test,1130,77.3,0.83,0.15,1.4,65.1
BI01,2024-01-01,Chapter Quiz,1610,70.1,0.82,0.2,1.4,47.2
BI01,2024-01-01,Unit Test,835,84.6,0.98,0.13,2.4,33.9
BI01,2024-01-01,Mock Exam,695,75.4,0.89,0.09,1.3,39.6
BI01,2024-01-01,Full Syllabus Test,1672,69.7,0.89,0.19,2.3,48.7
BI01,2024-02-01,Chapter Quiz,1121,72.6,0.94,0.08,2.5,58.3
BI01,2024-02-01,Unit Test,1614,87.9,0.98,0.11,1.5,70.3
BI01,2024-02-01,Mock Exam,560,69.8,0.83,0.08,2.1,51.2
BI01,2024-02-01,Full Syllabus Test,1650,84.0,0.98,0.1,2.7,81.2
BI01,2024-03-01,Chapter Quiz,1987,73.6,0.89,0.17,2.0,81.8
BI01,2024-03-01,Unit Test,1084,74.8,0.84,0.15,1.6,28.9
BI01,2024-03-01,Mock Exam,493,83.7,0.88,0.13,2.0,43.7
BI01,2024-03-01,Full Syllabus Test,573,66.9,0.79,0.08,2.4,75.2
BI01,2024-04-01,Chapter Quiz,1772,83.9,0.81,0.1,2.6,68.0
BI01,2024-04-01,Unit Test,582,83.0,0.98,0.19,2.7,76.4
BI01,2024-04-01,Mock Exam,931,87.3,0.92,0.09,1.8,39.9
BI01,2024-04-01,Full Syllabus Test,378,78.3,0.98,0.19,2.4,54.1
BI01,2024-05-01,Chapter Quiz,518,77.5,0.93,0.11,2.4,46.1
BI01,2024-05-01,Unit Test,417,70.7,0.79,0.06,2.0,58.8
BI01,2024-05-01,Mock Exam,409,77.1,0.8,0.13,1.5,66.6
BI01,2024-05-01,Full Syllabus Test,1828,89.1,0.98,0.2,1.5,47.9
BI01,2024-06-01,Chapter Quiz,573,78.4,0.81,0.11,1.7,81.9
BI01,2024-06-01,Unit Test,875,81.3,0.98,0.12,1.4,86.7
BI01,2024-06-01,Mock Exam,1330,69.3,0.69,0.11,1.4,79.8
BI01,2024-06-01,Full Syllabus Test,1988,88.2,0.98,0.08,2.3,46.6
BI01,2024-07-01,Chapter Quiz,1228,85.7,0.98,0.06,1.5,48.0
BI01,2024-07-01,Unit Test,662,86.4,0.98,0.11,1.6,77.5
BI01,2024-07-01,Mock Exam,855,66.6,0.81,0.15,2.8,39.6
BI01,2024-07-01,Full Syllabus Test,1234,71.0,0.81,0.17,2.1,81.3
BI01,2024-08-01,Chapter Quiz,1650,87.9,0.98,0.19,1.8,37.6
BI01,2024-08-01,Unit Test,1533,71.4,0.93,0.08,1.4,86.3
BI01,2024-08-01,Mock Exam,1478,71.1,0.83,0.11,2.7,58.0
BI01,2024-08-01,Full Syllabus Test,527,68.8,0.77,0.11,1.8,28.1
BI01,2024-09-01,Chapter Quiz,1223,74.8,0.79,0.07,1.8,37.8
BI01,2024-09-01,Unit Test,1176,74.0,0.83,0.14,1.6,68.3
BI01,2024-09-01,Mock Exam,765,66.9,0.87,0.09,2.2,46.6
BI01,2024-09-01,Full Syllabus Test,1145,72.7,0.76,0.12,2.4,69.8
BI01,2024-10-01,Chapter Quiz,1087,68.6,0.73,0.17,2.8,29.9
BI01,2024-10-01,Unit Test,925,73.8,0.73,0.1,1.4,36.3
BI01,2024-10-01,Mock Exam,1923,66.6,0.66,0.07,2.4,81.8
BI01,2024-10-01,Full Syllabus Test,1860,84.8,0.96,0.12,2.4,37.8
BI01,2024-11-01,Chapter Quiz,325,72.9,0.71,0.14,2.5,28.0
BI01,2024-11-01,Unit Test,1232,86.2,0.97,0.17,2.8,46.9
BI01,2024-11-01,Mock Exam,551,72.9,0.72,0.05,1.8,74.9
BI01,2024-11-01,Full Syllabus Test,1863,66.7,0.69,0.13,2.2,59.8
BI01,2024-12-01,Chapter Quiz,471,67.8,0.69,0.08,1.6,30.8
BI01,2024-12-01,Unit Test,1295,72.8,0.78,0.08,2.5,33.7
BI01,2024-12-01,Mock Exam,1234,80.1,0.94,0.08,1.2,53.7
BI01,2024-12-01,Full Syllabus Test,712,84.8,0.96,0.14,1.4,61.8
BI02,2023-01-01,Chapter Quiz,1391,63.0,0.7,0.08,1.3,70.2
BI02,2023-01-01,Unit Test,342,69.5,0.87,0.19,1.3,68.4
BI02,2023-01-01,Mock Exam,1567,67.7,0.77,0.1,1.7,76.9
BI02,2023-01-01,Full Syllabus Test,1147,72.9,0.71,0.19,2.6,50.7
BI02,2023-02-01,Chapter Quiz,1146,69.6,0.72,0.06,2.6,64.5
BI02,2023-02-01,Unit Test,1520,78.2,0.84,0.17,1.7,63.1
BI02,2023-02-01,Mock Exam,1497,72.2,0.87,0.06,1.4,47.2
BI02,2023-02-01,Full Syllabus Test,1012,62.3,0.75,0.09,2.4,46.8
BI02,2023-03-01,Chapter Quiz,827,70.5,0.68,0.12,1.5,57.4
BI02,2023-03-01,Unit Test,1234,78.3,0.92,0.11,2.3,90.0
BI02,2023-03-01,Mock Exam,692,73.8,0.86,0.05,1.3,48.9
BI02,2023-03-01,Full Syllabus Test,1730,67.5,0.67,0.17,1.4,67.8
BI02,2023-04-01,Chapter Quiz,1901,75.8,0.82,0.12,2.4,27.5
BI02,2023-04-01,Unit Test,1983,78.9,0.96,0.08,2.0,72.6
BI02,2023-04-01,Mock Exam,1610,80.0,0.98,0.18,2.4,41.6
BI02,2023-04-01,Full Syllabus Test,1187,74.4,0.72,0.05,1.4,38.8
BI02,2023-05-01,Chapter Quiz,1488,77.8,0.89,0.13,1.2,33.2
BI02,2023-05-01,Unit Test,581,66.5,0.74,0.12,1.8,48.7
BI02,2023-05-01,Mock Exam,1301,71.5,0.92,0.08,2.8,87.5
BI02,2023-05-01,Full Syllabus Test,1568,61.6,0.69,0.12,2.3,44.5
BI02,2023-06-01,Chapter Quiz,1154,66.2,0.86,0.19,1.5,85.4
BI02,2023-06-01,Unit Test,1742,64.2,0.68,0.1,1.6,26.0
BI02,2023-06-01,Mock Exam,1166,68.8,0.77,0.16,2.2,52.9
BI02,2023-06-01,Full Syllabus Test,1495,71.1,0.77,0.17,2.0,53.2
BI02,2023-07-01,Chapter Quiz,1633,73.9,0.77,0.13,2.1,40.0
BI02,2023-07-01,Unit Test,300,70.5,0.88,0.11,2.6,86.8
BI02,2023-07-01,Mock Exam,924,66.3,0.72,0.1,2.7,44.9
BI02,2023-07-01,Full Syllabus Test,378,71.7,0.94,0.11,2.3,61.4
BI02,2023-08-01,Chapter Quiz,1269,62.8,0.76,0.19,1.7,29.2
BI02,2023-08-01,Unit Test,1415,80.5,0.88,0.09,2.3,49.0
BI02,2023-08-01,Mock Exam,1473,64.9,0.85,0.17,2.2,37.6
BI02,2023-08-01,Full Syllabus Test,324,72.1,0.83,0.15,2.3,73.9
BI02,2023-09-01,Chapter Quiz,957,73.4,0.94,0.06,1.3,63.7
BI02,2023-09-01,Unit Test,1590,78.5,0.77,0.16,2.5,61.4
BI02,2023-09-01,Mock Exam,1539,82.3,0.98,0.14,1.4,33.5
BI02,2023-09-01,Full Syllabus Test,898,78.9,0.98,0.13,2.2,50.3
BI02,2023-10-01,Chapter Quiz,695,74.9,0.74,0.12,1.5,30.5
BI02,2023-10-01,Unit Test,393,70.5,0.79,0.09,2.3,61.4
BI02,2023-10-01,Mock Exam,1149,77.5,0.9,0.05,1.5,32.8
BI02,2023-10-01,Full Syllabus Test,1704,64.7,0.63,0.08,2.2,89.8
BI02,2023-11-01,Chapter Quiz,1581,69.1,0.87,0.19,1.8,78.8
BI02,2023-11-01,Unit Test,1007,73.6,0.76,0.06,2.2,29.0
BI02,2023-11-01,Mock Exam,599,68.8,0.76,0.19,1.8,58.8
BI02,2023-11-01,Full Syllabus Test,615,64.5,0.73,0.09,1.8,56.7
BI02,2023-12-01,Chapter Quiz,231,64.9,0.63,0.18,2.7,29.4
BI02,2023-12-01,Unit Test,1535,62.1,0.69,0.09,2.5,57.6
BI02,2023-12-01,Mock Exam,317,66.8,0.87,0.1,1.5,37.2
BI02,2023-12-01,Full Syllabus Test,1988,80.8,0.98,0.11,1.3,46.2
BI02,2024-01-01,Chapter Quiz,671,69.3,0.72,0.1,2.7,29.2
BI02,2024-01-01,Unit Test,714,66.7,0.66,0.06,2.5,40.9
BI02,2024-01-01,Mock Exam,1417,77.7,0.77,0.1,2.4,78.0
BI02,2024-01-01,Full Syllabus Test,1107,68.7,0.77,0.05,2.5,67.1
BI02,2024-02-01,Chapter Quiz,1832,78.5,0.91,0.08,2.7,31.9
BI02,2024-02-01,Unit Test,343,77.8,0.81,0.13,2.2,30.8
BI02,2024-02-01,Mock Exam,478,61.9,0.8,0.15,2.3,35.1
BI02,2024-02-01,Full Syllabus Test,1217,68.5,0.69,0.07,2.0,57.7
BI02,2024-03-01,Chapter Quiz,1666,80.3,0.87,0.08,2.7,74.9
BI02,2024-03-01,Unit Test,223,68.4,0.88,0.19,1.6,54.8
BI02,2024-03-01,Mock Exam,1241,75.3,0.89,0.13,2.4,42.2
BI02,2024-03-01,Full Syllabus Test,1439,71.8,0.7,0.16,1.5,69.2
BI02,2024-04-01,Chapter Quiz,1274,62.5,0.82,0.18,1.9,60.6
BI02,2024-04-01,Unit Test,1902,73.4,0.71,0.08,2.7,75.6
BI02,2024-04-01,Mock Exam,1467,79.2,0.88,0.17,1.7,87.2
BI02,2024-04-01,Full Syllabus Test,1400,67.8,0.82,0.11,2.8,51.3
BI02,2024-05-01,Chapter Quiz,1522,69.9,0.76,0.07,2.2,69.3
BI02,2024-05-01,Unit Test,1921,63.6,0.76,0.17,1.9,84.0
BI02,2024-05-01,Mock Exam,975,70.9,0.89,0.14,1.7,89.2
BI02,2024-05-01,Full Syllabus Test,580,66.9,0.72,0.1,2.6,59.2
BI02,2024-06-01,Chapter Quiz,1691,78.4,0.94,0.06,2.7,64.0
BI02,2024-06-01,Unit Test,287,77.0,0.98,0.1,1.6,50.6
BI02,2024-06-01,Mock Exam,1695,64.0,0.67,0.1,2.3,38.4
BI02,2024-06-01,Full Syllabus Test,1612,76.0,0.73,0.16,2.2,43.0
BI02,2024-07-01,Chapter Quiz,1543,74.3,0.77,0.09,1.9,28.0
BI02,2024-07-01,Unit Test,1875,81.5,0.87,0.08,2.0,33.3
BI02,2024-07-01,Mock Exam,234,72.9,0.71,0.16,2.5,54.0
BI02,2024-07-01,Full Syllabus Test,1614,64.3,0.65,0.05,1.5,37.0
BI02,2024-08-01,Chapter Quiz,1787,71.5,0.85,0.14,2.3,63.3
BI02,2024-08-01,Unit Test,774,69.1,0.72,0.12,1.4,72.1
BI02,2024-08-01,Mock Exam,1427,65.4,0.69,0.18,1.9,87.6
BI02,2024-08-01,Full Syllabus Test,1600,71.5,0.89,0.18,2.5,25.4
BI02,2024-09-01,Chapter Quiz,1361,68.7,0.75,0.13,1.9,46.8
BI02,2024-09-01,Unit Test,1750,71.2,0.72,0.16,1.4,47.0
BI02,2024-09-01,Mock Exam,576,69.4,0.81,0.13,2.2,52.3
BI02,2024-09-01,Full Syllabus Test,378,71.6,0.7,0.17,1.3,48.4
BI02,2024-10-01,Chapter Quiz,1063,68.9,0.75,0.17,1.2,58.2
BI02,2024-10-01,Unit Test,1349,65.8,0.71,0.1,2.8,60.5
BI02,2024-10-01,Mock Exam,1994,77.1,0.87,0.19,2.8,59.1
BI02,2024-10-01,Full Syllabus Test,759,66.1,0.79,0.08,2.3,71.5
BI02,2024-11-01,Chapter Quiz,720,79.8,0.98,0.09,2.6,34.7
BI02,2024-11-01,Unit Test,483,66.6,0.67,0.11,2.4,53.8
BI02,2024-11-01,Mock Exam,1047,76.6,0.82,0.15,2.2,77.6
BI02,2024-11-01,Full Syllabus Test,1516,71.5,0.85,0.13,2.2,66.6
BI02,2024-12-01,Chapter Quiz,1047,71.3,0.74,0.1,1.4,81.4
BI02,2024-12-01,Unit Test,349,66.3,0.65,0.15,2.2,54.1
BI02,2024-12-01,Mock Exam,799,76.4,0.91,0.17,1.8,46.7
BI02,2024-12-01,Full Syllabus Test,645,79.7,0.98,0.11,2.4,75.9
BI03,2023-01-01,Chapter Quiz,1708,56.4,0.58,0.12,1.7,43.3
BI03,2023-01-01,Unit Test,651,69.1,0.67,0.09,2.6,49.9
BI03,2023-01-01,Mock Exam,1167,60.6,0.69,0.15,2.6,58.3
BI03,2023-01-01,Full Syllabus Test,309,67.5,0.75,0.15,1.6,84.1
BI03,2023-02-01,Chapter Quiz,1884,60.6,0.64,0.06,1.4,36.9
BI03,2023-02-01,Unit Test,1615,58.9,0.63,0.11,2.2,76.6
BI03,2023-02-01,Mock Exam,972,64.4,0.78,0.14,2.1,42.5
BI03,2023-02-01,Full Syllabus Test,855,66.9,0.71,0.08,2.8,84.8
BI03,2023-03-01,Chapter Quiz,1053,59.4,0.68,0.17,1.6,46.0
BI03,2023-03-01,Unit Test,374,65.9,0.84,0.18,2.4,34.7
BI03,2023-03-01,Mock Exam,1379,62.0,0.65,0.14,2.7,62.7
BI03,2023-03-01,Full Syllabus Test,873,55.4,0.72,0.1,2.2,64.0
BI03,2023-04-01,Chapter Quiz,906,68.6,0.83,0.19,2.4,28.7
BI03,2023-04-01,Unit Test,1797,66.0,0.72,0.12,2.7,51.8
BI03,2023-04-01,Mock Exam,563,60.2,0.6,0.18,1.2,58.8
BI03,2023-04-01,Full Syllabus Test,801,60.1,0.63,0.07,2.8,42.1
BI03,2023-05-01,Chapter Quiz,1191,69.5,0.78,0.1,2.8,89.0
BI03,2023-05-01,Unit Test,1809,59.6,0.64,0.17,1.2,71.5
BI03,2023-05-01,Mock Exam,1299,59.8,0.77,0.15,2.6,44.6
BI03,2023-05-01,Full Syllabus Test,1328,69.3,0.89,0.07,1.3,38.2
BI03,2023-06-01,Chapter Quiz,1316,67.2,0.66,0.19,1.9,73.8
BI03,2023-06-01,Unit Test,470,68.5,0.9,0.1,2.3,62.1
BI03,2023-06-01,Mock Exam,1011,59.8,0.78,0.07,1.8,48.8
BI03,2023-06-01,Full Syllabus Test,687,57.0,0.62,0.11,2.1,31.5
BI03,2023-07-01,Chapter Quiz,1442,58.5,0.62,0.09,2.6,64.3
BI03,2023-07-01,Unit Test,1346,64.7,0.79,0.1,2.2,65.1
BI03,2023-07-01,Mock Exam,844,74.1,0.9,0.08,1.4,47.5
BI03,2023-07-01,Full Syllabus Test,1260,67.3,0.65,0.16,1.4,70.9
BI03,2023-08-01,Chapter Quiz,766,72.9,0.8,0.12,1.6,54.6
BI03,2023-08-01,Unit Test,1631,61.8,0.68,0.09,2.2,80.1
BI03,2023-08-01,Mock Exam,582,69.6,0.75,0.12,1.5,63.3
BI03,2023-08-01,Full Syllabus Test,409,64.6,0.63,0.19,2.1,76.6
BI03,2023-09-01,Chapter Quiz,394,59.5,0.66,0.06,2.0,27.2
BI03,2023-09-01,Unit Test,309,63.5,0.71,0.14,2.3,28.5
BI03,2023-09-01,Mock Exam,1755,70.1,0.8,0.17,1.5,60.9
BI03,2023-09-01,Full Syllabus Test,827,68.4,0.85,0.13,1.9,66.9
BI03,2023-10-01,Chapter Quiz,627,67.5,0.76,0.18,1.5,39.6
BI03,2023-10-01,Unit Test,499,68.8,0.88,0.14,2.3,59.4
BI03,2023-10-01,Mock Exam,269,62.8,0.74,0.06,1.3,43.3
BI03,2023-10-01,Full Syllabus Test,1087,67.8,0.67,0.16,2.4,37.7
BI03,2023-11-01,Chapter Quiz,835,73.3,0.71,0.19,1.4,45.1
BI03,2023-11-01,Unit Test,1711,70.4,0.77,0.15,2.3,70.7
BI03,2023-11-01,Mock Exam,391,65.3,0.85,0.05,2.7,76.2
BI03,2023-11-01,Full Syllabus Test,1029,65.8,0.7,0.16,1.5,30.8
BI03,2023-12-01,Chapter Quiz,848,70.1,0.9,0.05,2.5,48.0
BI03,2023-12-01,Unit Test,1218,58.0,0.69,0.19,2.7,79.2
BI03,2023-12-01,Mock Exam,952,71.6,0.74,0.1,2.7,77.7
BI03,2023-12-01,Full Syllabus Test,1358,69.6,0.81,0.12,2.3,66.2
BI03,2024-01-01,Chapter Quiz,307,69.9,0.77,0.14,1.8,67.7
BI03,2024-01-01,Unit Test,1754,56.8,0.73,0.05,1.5,31.9
BI03,2024-01-01,Mock Exam,931,73.6,0.85,0.09,1.3,85.6
BI03,2024-01-01,Full Syllabus Test,1175,72.9,0.7,0.2,2.3,25.3
BI03,2024-02-01,Chapter Quiz,1587,73.1,0.92,0.08,2.3,35.2
BI03,2024-02-01,Unit Test,571,65.7,0.65,0.15,1.7,35.4
BI03,2024-02-01,Mock Exam,1622,67.0,0.75,0.09,1.9,33.6
BI03,2024-02-01,Full Syllabus Test,1841,58.7,0.59,0.19,2.6,39.1
BI03,2024-03-01,Chapter Quiz,1852,65.6,0.8,0.05,2.8,60.5
BI03,2024-03-01,Unit Test,1697,73.0,0.74,0.1,1.5,34.5
BI03,2024-03-01,Mock Exam,1911,71.0,0.69,0.1,2.7,82.1
BI03,2024-03-01,Full Syllabus Test,1291,71.6,0.94,0.18,1.7,71.5
BI03,2024-04-01,Chapter Quiz,1053,59.1,0.76,0.08,2.7,78.7
BI03,2024-04-01,Unit Test,549,56.3,0.56,0.17,1.3,40.7
BI03,2024-04-01,Mock Exam,1181,60.7,0.63,0.15,1.6,84.0
BI03,2024-04-01,Full Syllabus Test,502,67.4,0.67,0.1,1.2,64.8
BI03,2024-05-01,Chapter Quiz,1931,72.6,0.94,0.1,2.7,84.9
BI03,2024-05-01,Unit Test,302,58.7,0.66,0.17,2.6,39.5
BI03,2024-05-01,Mock Exam,1629,65.4,0.7,0.06,2.3,36.4
BI03,2024-05-01,Full Syllabus Test,1439,73.5,0.78,0.16,1.5,82.2
BI03,2024-06-01,Chapter Quiz,1479,74.0,0.88,0.16,1.4,65.6
BI03,2024-06-01,Unit Test,1419,71.5,0.89,0.12,2.3,43.5
BI03,2024-06-01,Mock Exam,628,63.9,0.67,0.15,2.6,54.7
BI03,2024-06-01,Full Syllabus Test,1388,65.3,0.81,0.11,1.9,77.9
BI03,2024-07-01,Chapter Quiz,586,64.8,0.7,0.1,1.7,81.6
BI03,2024-07-01,Unit Test,947,60.8,0.66,0.12,2.0,44.9
BI03,2024-07-01,Mock Exam,1409,64.7,0.85,0.19,1.9,72.8
BI03,2024-07-01,Full Syllabus Test,649,57.4,0.67,0.08,2.4,39.8
BI03,2024-08-01,Chapter Quiz,804,65.0,0.82,0.09,1.3,25.6
BI03,2024-08-01,Unit Test,383,59.7,0.78,0.17,2.5,39.3
BI03,2024-08-01,Mock Exam,459,65.9,0.8,0.15,1.2,46.6
BI03,2024-08-01,Full Syllabus Test,1917,59.8,0.61,0.07,2.5,29.1
BI03,2024-09-01,Chapter Quiz,605,71.3,0.92,0.1,2.8,77.1
BI03,2024-09-01,Unit Test,743,74.7,0.79,0.17,2.5,32.9
BI03,2024-09-01,Mock Exam,1660,62.6,0.79,0.06,1.4,61.2
BI03,2024-09-01,Full Syllabus Test,1718,68.1,0.89,0.18,2.7,53.5
BI03,2024-10-01,Chapter Quiz,1188,71.5,0.7,0.09,1.2,34.1
BI03,2024-10-01,Unit Test,620,71.6,0.92,0.11,2.8,74.7
BI03,2024-10-01,Mock Exam,1810,63.6,0.74,0.05,2.7,35.1
BI03,2024-10-01,Full Syllabus Test,315,59.8,0.72,0.2,1.8,89.0
BI03,2024-11-01,Chapter Quiz,575,66.9,0.75,0.11,2.3,89.4
BI03,2024-11-01,Unit Test,1740,61.6,0.75,0.09,1.9,80.1
BI03,2024-11-01,Mock Exam,1914,60.2,0.79,0.15,1.3,41.3
BI03,2024-11-01,Full Syllabus Test,1559,68.2,0.87,0.09,2.6,28.7
BI03,2024-12-01,Chapter Quiz,944,74.1,0.95,0.16,1.3,50.4
BI03,2024-12-01,Unit Test,1588,59.0,0.75,0.11,2.1,76.2
BI03,2024-12-01,Mock Exam,696,59.3,0.65,0.15,2.6,85.4
BI03,2024-12-01,Full Syllabus Test,1824,73.5,0.79,0.16,2.1,32.0
CS01,2023-01-01,Chapter Quiz,1416,75.7,0.95,0.09,1.3,48.0
CS01,2023-01-01,Unit Test,1308,89.2,0.98,0.11,1.8,62.4
CS01,2023-01-01,Mock Exam,1361,80.9,0.98,0.14,2.7,61.4
CS01,2023-01-01,Full Syllabus Test,1906,93.6,0.97,0.18,2.6,88.1
CS01,2023-02-01,Chapter Quiz,1107,86.0,0.98,0.09,2.3,58.4
CS01,2023-02-01,Unit Test,1203,85.9,0.98,0.13,1.9,62.5
CS01,2023-02-01,Mock Exam,619,71.3,0.79,0.15,2.4,26.1
CS01,2023-02-01,Full Syllabus Test,1651,74.1,0.87,0.11,1.6,61.7
CS01,2023-03-01,Chapter Quiz,1909,70.5,0.82,0.13,2.8,48.3
CS01,2023-03-01,Unit Test,731,78.2,0.79,0.11,2.2,83.0
CS01,2023-03-01,Mock Exam,200,84.1,0.98,0.18,2.3,53.1
CS01,2023-03-01,Full Syllabus Test,1051,79.5,0.84,0.17,1.4,69.7
CS01,2023-04-01,Chapter Quiz,1187,88.0,0.93,0.12,1.3,61.2
CS01,2023-04-01,Unit Test,317,74.3,0.79,0.11,1.8,76.4
CS01,2023-04-01,Mock Exam,1009,74.6,0.88,0.1,1.3,55.9
CS01,2023-04-01,Full Syllabus Test,768,91.2,0.98,0.12,2.0,84.8
CS01,2023-05-01,Chapter Quiz,1301,81.6,0.92,0.2,2.5,42.8
CS01,2023-05-01,Unit Test,653,72.5,0.71,0.16,2.3,38.3
CS01,2023-05-01,Mock Exam,1660,81.1,0.85,0.09,1.7,66.9
CS01,2023-05-01,Full Syllabus Test,1559,83.1,0.96,0.13,1.3,33.5
CS01,2023-06-01,Chapter Quiz,845,89.7,0.87,0.15,2.1,58.5
CS01,2023-06-01,Unit Test,375,72.6,0.84,0.07,1.6,33.5
CS01,2023-06-01,Mock Exam,688,90.4,0.98,0.17,1.6,46.5
CS01,2023-06-01,Full Syllabus Test,552,92.7,0.98,0.09,1.5,77.6
CS01,2023-07-01,Chapter Quiz,1573,82.7,0.96,0.06,2.5,43.0
CS01,2023-07-01,Unit Test,1160,93.9,0.97,0.17,2.2,27.9
CS01,2023-07-01,Mock Exam,1619,88.1,0.98,0.09,2.0,88.3
CS01,2023-07-01,Full Syllabus Test,1766,91.1,0.94,0.1,1.2,63.3
CS01,2023-08-01,Chapter Quiz,311,89.0,0.87,0.16,2.3,46.3
CS01,2023-08-01,Unit Test,1972,84.7,0.98,0.17,1.9,62.6
CS01,2023-08-01,Mock Exam,1870,69.7,0.7,0.17,1.4,35.6
CS01,2023-08-01,Full Syllabus Test,209,73.9,0.83,0.18,2.2,34.8
CS01,2023-09-01,Chapter Quiz,497,81.5,0.98,0.17,2.1,53.9
CS01,2023-09-01,Unit Test,1740,93.2,0.96,0.07,1.5,75.1
CS01,2023-09-01,Mock Exam,337,76.0,0.93,0.17,1.7,70.3
CS01,2023-09-01,Full Syllabus Test,1863,76.4,0.74,0.05,1.2,41.8
CS01,2023-10-01,Chapter Quiz,926,71.0,0.91,0.14,2.4,79.4
CS01,2023-10-01,Unit Test,1080,81.7,0.98,0.2,1.2,32.6
CS01,2023-10-01,Mock Exam,1872,73.6,0.87,0.07,1.8,82.3
CS01,2023-10-01,Full Syllabus Test,1028,72.4,0.74,0.11,1.4,31.1
CS01,2023-11-01,Chapter Quiz,519,78.0,0.95,0.07,2.4,39.1
CS01,2023-11-01,Unit Test,1914,81.5,0.87,0.19,1.7,51.9
CS01,2023-11-01,Mock Exam,1977,85.7,0.96,0.13,2.3,82.5
CS01,2023-11-01,Full Syllabus Test,1334,92.3,0.91,0.13,2.0,50.3
CS01,2023-12-01,Chapter Quiz,917,75.8,0.96,0.13,1.6,64.7
CS01,2023-12-01,Unit Test,1534,83.1,0.96,0.06,1.7,53.8
CS01,2023-12-01,Mock Exam,300,78.3,0.98,0.07,1.4,70.2
CS01,2023-12-01,Full Syllabus Test,1527,71.1,0.75,0.07,1.4,33.0
CS01,2024-01-01,Chapter Quiz,223,76.7,0.85,0.15,1.2,75.3
CS01,2024-01-01,Unit Test,1397,85.4,0.98,0.08,1.8,54.7
CS01,2024-01-01,Mock Exam,1791,77.3,0.88,0.06,1.4,46.5
CS01,2024-01-01,Full Syllabus Test,788,77.3,0.78,0.16,1.6,86.6
CS01,2024-02-01,Chapter Quiz,521,82.2,0.88,0.14,2.1,71.6
CS01,2024-02-01,Unit Test,1652,88.0,0.98,0.05,2.3,89.4
CS01,2024-02-01,Mock Exam,1083,93.0,0.89,0.16,2.7,69.3
CS01,2024-02-01,Full Syllabus Test,1951,75.1,0.76,0.17,1.5,56.5
CS01,2024-03-01,Chapter Quiz,1588,82.7,0.88,0.13,1.4,71.1
CS01,2024-03-01,Unit Test,420,90.6,0.98,0.12,1.2,67.1
CS01,2024-03-01,Mock Exam,1787,93.4,0.98,0.09,2.7,63.4
CS01,2024-03-01,Full Syllabus Test,617,77.8,0.81,0.06,2.0,49.3
CS01,2024-04-01,Chapter Quiz,806,87.8,0.85,0.2,1.3,28.3
CS01,2024-04-01,Unit Test,738,77.1,0.82,0.05,1.4,31.5
CS01,2024-04-01,Mock Exam,1876,72.4,0.9,0.13,2.8,66.1
CS01,2024-04-01,Full Syllabus Test,946,80.0,0.98,0.16,2.6,85.3
CS01,2024-05-01,Chapter Quiz,1763,88.0,0.98,0.08,1.6,56.3
CS01,2024-05-01,Unit Test,1807,75.9,0.75,0.11,2.0,43.8
CS01,2024-05-01,Mock Exam,666,80.6,0.98,0.09,2.6,59.3
CS01,2024-05-01,Full Syllabus Test,694,82.3,0.98,0.18,2.3,72.5
CS01,2024-06-01,Chapter Quiz,436,70.9,0.69,0.15,2.2,43.7
CS01,2024-06-01,Unit Test,1587,82.2,0.98,0.05,2.6,76.9
CS01,2024-06-01,Mock Exam,281,75.5,0.83,0.2,2.6,83.4
CS01,2024-06-01,Full Syllabus Test,1602,84.0,0.91,0.14,1.3,69.6
CS01,2024-07-01,Chapter Quiz,1672,76.5,0.94,0.13,1.3,53.0
CS01,2024-07-01,Unit Test,1676,71.6,0.88,0.07,2.5,44.5
CS01,2024-07-01,Mock Exam,481,83.1,0.97,0.1,1.5,35.1
CS01,2024-07-01,Full Syllabus Test,1692,70.0,0.68,0.11,1.6,30.2
CS01,2024-08-01,Chapter Quiz,1403,86.2,0.98,0.12,2.7,35.0
CS01,2024-08-01,Unit Test,1124,94.1,0.91,0.18,1.6,29.8
CS01,2024-08-01,Mock Exam,1526,81.7,0.92,0.07,2.4,67.6
CS01,2024-08-01,Full Syllabus Test,1729,87.2,0.87,0.16,1.3,50.1
CS01,2024-09-01,Chapter Quiz,1299,79.3,0.95,0.16,2.4,51.0
CS01,2024-09-01,Unit Test,1735,79.2,0.96,0.1,2.6,52.0
CS01,2024-09-01,Mock Exam,1419,81.2,0.9,0.06,2.3,76.6
CS01,2024-09-01,Full Syllabus Test,1401,84.7,0.98,0.09,2.5,67.2
CS01,2024-10-01,Chapter Quiz,1062,87.7,0.98,0.14,2.2,51.5
CS01,2024-10-01,Unit Test,1144,75.1,0.9,0.05,2.1,32.8
CS01,2024-10-01,Mock Exam,1362,71.1,0.78,0.2,2.6,78.7
CS01,2024-10-01,Full Syllabus Test,1555,76.5,0.86,0.05,2.8,65.8
CS01,2024-11-01,Chapter Quiz,675,89.0,0.98,0.08,1.3,76.4
CS01,2024-11-01,Unit Test,1605,89.5,0.98,0.15,2.0,64.5
CS01,2024-11-01,Mock Exam,1769,72.4,0.79,0.1,1.5,65.3
CS01,2024-11-01,Full Syllabus Test,1848,69.7,0.89,0.15,2.2,76.7
CS01,2024-12-01,Chapter Quiz,364,89.8,0.98,0.1,2.5,88.5
CS01,2024-12-01,Unit Test,1721,85.3,0.98,0.14,1.5,62.7
CS01,2024-12-01,Mock Exam,374,71.6,0.9,0.19,1.9,68.9
CS01,2024-12-01,Full Syllabus Test,364,81.9,0.94,0.2,1.7,63.2
CS02,2023-01-01,Chapter Quiz,582,67.1,0.87,0.16,2.1,73.6
CS02,2023-01-01,Unit Test,542,71.9,0.73,0.14,2.0,52.2
CS02,2023-01-01,Mock Exam,1809,65.4,0.78,0.19,1.5,68.4
CS02,2023-01-01,Full Syllabus Test,1261,78.8,0.88,0.1,2.8,25.9
CS02,2023-02-01,Chapter Quiz,1104,68.4,0.76,0.14,2.6,73.9
CS02,2023-02-01,Unit Test,1310,83.3,0.98,0.15,2.5,28.5
CS02,2023-02-01,Mock Exam,1522,78.9,0.78,0.18,1.4,49.5
CS02,2023-02-01,Full Syllabus Test,1719,85.7,0.98,0.18,2.8,53.0
CS02,2023-03-01,Chapter Quiz,942,75.0,0.78,0.13,1.4,78.6
CS02,2023-03-01,Unit Test,1022,80.6,0.98,0.06,1.5,72.8
CS02,2023-03-01,Mock Exam,411,72.4,0.76,0.12,2.7,67.4
CS02,2023-03-01,Full Syllabus Test,969,79.8,0.85,0.13,2.4,85.3
CS02,2023-04-01,Chapter Quiz,566,64.4,0.79,0.05,2.4,68.4
CS02,2023-04-01,Unit Test,1255,72.8,0.71,0.17,2.5,68.3
CS02,2023-04-01,Mock Exam,726,76.3,0.81,0.14,2.1,39.1
CS02,2023-04-01,Full Syllabus Test,1275,82.3,0.98,0.08,2.5,42.3
CS02,2023-05-01,Chapter Quiz,1585,68.3,0.82,0.16,2.8,75.3
CS02,2023-05-01,Unit Test,1884,70.9,0.86,0.17,2.6,26.5
CS02,2023-05-01,Mock Exam,994,83.9,0.98,0.11,1.4,48.1
CS02,2023-05-01,Full Syllabus Test,327,77.9,0.96,0.18,2.5,45.5
CS02,2023-06-01,Chapter Quiz,252,70.4,0.88,0.16,2.1,87.3
CS02,2023-06-01,Unit Test,800,69.6,0.68,0.14,2.3,74.4
CS02,2023-06-01,Mock Exam,1844,78.2,0.9,0.15,1.6,59.1
CS02,2023-06-01,Full Syllabus Test,1021,77.7,0.89,0.09,2.0,67.5
CS02,2023-07-01,Chapter Quiz,1073,84.0,0.98,0.1,1.4,78.4
CS02,2023-07-01,Unit Test,1440,75.8,0.98,0.14,1.4,34.3
CS02,2023-07-01,Mock Exam,1910,73.7,0.72,0.07,1.8,58.1
CS02,2023-07-01,Full Syllabus Test,962,72.5,0.71,0.11,1.8,86.7
CS02,2023-08-01,Chapter Quiz,1133,72.0,0.78,0.17,2.3,75.7
CS02,2023-08-01,Unit Test,1033,73.0,0.78,0.15,1.7,79.0
CS02,2023-08-01,Mock Exam,1733,78.8,0.88,0.08,1.3,59.4
CS02,2023-08-01,Full Syllabus Test,1627,82.6,0.85,0.18,2.3,40.2
CS02,2023-09-01,Chapter Quiz,934,77.5,0.92,0.06,1.5,29.0
CS02,2023-09-01,Unit Test,820,70.6,0.79,0.16,1.5,44.6
CS02,2023-09-01,Mock Exam,282,76.0,0.94,0.19,1.6,70.7
CS02,2023-09-01,Full Syllabus Test,612,72.1,0.9,0.17,2.3,77.3
CS02,2023-10-01,Chapter Quiz,1012,84.4,0.98,0.05,1.7,71.6
CS02,2023-10-01,Unit Test,499,78.8,0.98,0.11,2.6,77.8
CS02,2023-10-01,Mock Exam,658,84.0,0.98,0.19,2.3,27.0
CS02,2023-10-01,Full Syllabus Test,946,71.3,0.93,0.11,2.6,64.9
CS02,2023-11-01,Chapter Quiz,1573,81.9,0.95,0.14,1.7,27.2
CS02,2023-11-01,Unit Test,1016,86.7,0.91,0.07,1.9,79.8
CS02,2023-11-01,Mock Exam,765,67.8,0.7,0.11,1.7,42.3
CS02,2023-11-01,Full Syllabus Test,1394,74.0,0.73,0.07,1.8,40.5
CS02,2023-12-01,Chapter Quiz,1103,73.5,0.92,0.17,1.9,76.4
CS02,2023-12-01,Unit Test,1325,70.2,0.9,0.15,1.4,78.5
CS02,2023-12-01,Mock Exam,686,83.0,0.84,0.13,1.4,79.8
CS02,2023-12-01,Full Syllabus Test,686,75.4,0.98,0.07,2.6,84.3
CS02,2024-01-01,Chapter Quiz,346,72.5,0.86,0.19,2.6,66.4
CS02,2024-01-01,Unit Test,578,67.9,0.79,0.19,1.7,29.4
CS02,2024-01-01,Mock Exam,1738,86.2,0.92,0.1,2.6,47.8
CS02,2024-01-01,Full Syllabus Test,203,73.6,0.92,0.11,1.8,51.0
CS02,2024-02-01,Chapter Quiz,1719,65.2,0.7,0.11,2.7,42.5
CS02,2024-02-01,Unit Test,610,70.5,0.86,0.06,1.5,67.6
CS02,2024-02-01,Mock Exam,663,86.8,0.91,0.08,1.6,29.6
CS02,2024-02-01,Full Syllabus Test,936,72.8,0.79,0.07,1.6,34.2
CS02,2024-03-01,Chapter Quiz,484,64.8,0.74,0.18,1.9,76.2
CS02,2024-03-01,Unit Test,1345,85.5,0.97,0.15,1.7,46.9
CS02,2024-03-01,Mock Exam,649,79.6,0.98,0.05,1.3,85.4
CS02,2024-03-01,Full Syllabus Test,1572,84.4,0.88,0.13,2.8,65.8
CS02,2024-04-01,Chapter Quiz,1399,82.6,0.84,0.05,1.5,55.6
CS02,2024-04-01,Unit Test,644,68.6,0.79,0.08,2.5,79.1
CS02,2024-04-01,Mock Exam,1868,69.7,0.84,0.09,1.6,58.0
CS02,2024-04-01,Full Syllabus Test,1327,74.8,0.87,0.16,1.6,48.2
CS02,2024-05-01,Chapter Quiz,1759,73.0,0.89,0.1,1.5,57.7
CS02,2024-05-01,Unit Test,293,85.8,0.93,0.15,2.1,55.9
CS02,2024-05-01,Mock Exam,1840,82.7,0.98,0.19,1.8,67.3
CS02,2024-05-01,Full Syllabus Test,222,66.0,0.66,0.11,2.8,79.5
CS02,2024-06-01,Chapter Quiz,1776,69.2,0.84,0.13,2.3,27.3
CS02,2024-06-01,Unit Test,272,73.3,0.76,0.14,1.6,84.8
CS02,2024-06-01,Mock Exam,602,79.3,0.98,0.18,1.9,49.0
CS02,2024-06-01,Full Syllabus Test,1709,67.0,0.86,0.07,1.3,55.9
CS02,2024-07-01,Chapter Quiz,1619,73.4,0.96,0.11,1.8,40.5
CS02,2024-07-01,Unit Test,1141,72.8,0.82,0.05,1.7,80.4
CS02,2024-07-01,Mock Exam,668,83.8,0.92,0.18,1.6,45.2
CS02,2024-07-01,Full Syllabus Test,582,82.9,0.98,0.17,2.6,56.8
CS02,2024-08-01,Chapter Quiz,1635,71.5,0.74,0.08,2.3,65.6
CS02,2024-08-01,Unit Test,699,82.7,0.97,0.06,2.2,76.1
CS02,2024-08-01,Mock Exam,835,80.6,0.8,0.12,1.3,70.7
CS02,2024-08-01,Full Syllabus Test,1649,79.7,0.98,0.12,2.4,59.7
CS02,2024-09-01,Chapter Quiz,972,80.2,0.77,0.11,2.2,36.9
CS02,2024-09-01,Unit Test,969,74.4,0.82,0.18,1.6,44.6
CS02,2024-09-01,Mock Exam,601,67.0,0.85,0.05,1.4,42.0
CS02,2024-09-01,Full Syllabus Test,1913,76.8,0.81,0.09,1.4,58.1
CS02,2024-10-01,Chapter Quiz,1736,68.8,0.68,0.1,1.8,50.8
CS02,2024-10-01,Unit Test,1547,71.9,0.91,0.11,2.5,37.9
CS02,2024-10-01,Mock Exam,1593,66.2,0.87,0.11,2.1,26.1
CS02,2024-10-01,Full Syllabus Test,828,75.7,0.85,0.1,2.1,27.7
CS02,2024-11-01,Chapter Quiz,692,71.5,0.69,0.08,1.5,73.0
CS02,2024-11-01,Unit Test,1591,78.7,0.78,0.18,1.5,72.3
CS02,2024-11-01,Mock Exam,1549,77.7,0.9,0.2,2.7,82.1
CS02,2024-11-01,Full Syllabus Test,1070,84.9,0.92,0.12,2.5,27.2
CS02,2024-12-01,Chapter Quiz,344,70.1,0.92,0.14,1.9,85.3
CS02,2024-12-01,Unit Test,1369,67.9,0.86,0.13,1.9,40.5
CS02,2024-12-01,Mock Exam,939,64.6,0.62,0.15,2.0,71.1
CS02,2024-12-01,Full Syllabus Test,1628,86.7,0.98,0.17,2.7,70.0
CS03,2023-01-01,Chapter Quiz,803,61.7,0.69,0.08,2.1,32.3
CS03,2023-01-01,Unit Test,1422,77.1,0.93,0.19,2.2,42.8
CS03,2023-01-01,Mock Exam,550,60.3,0.79,0.18,1.6,29.4
CS03,2023-01-01,Full Syllabus Test,1454,70.5,0.78,0.17,2.1,43.8
CS03,2023-02-01,Chapter Quiz,1864,68.4,0.89,0.16,1.2,57.4
CS03,2023-02-01,Unit Test,366,75.8,0.91,0.17,2.5,82.0
CS03,2023-02-01,Mock Exam,402,70.2,0.88,0.13,2.8,69.4
CS03,2023-02-01,Full Syllabus Test,254,69.4,0.9,0.2,2.7,40.3
CS03,2023-03-01,Chapter Quiz,230,72.2,0.8,0.09,2.4,76.4
CS03,2023-03-01,Unit Test,475,63.1,0.69,0.07,1.7,45.2
CS03,2023-03-01,Mock Exam,1183,68.4,0.75,0.12,1.9,40.4
CS03,2023-03-01,Full Syllabus Test,1815,67.6,0.67,0.12,1.8,59.7
CS03,2023-04-01,Chapter Quiz,636,74.3,0.8,0.17,2.4,63.5
CS03,2023-04-01,Unit Test,737,60.0,0.68,0.19,2.7,85.3
CS03,2023-04-01,Mock Exam,1180,73.1,0.83,0.07,2.0,63.9
CS03,2023-04-01,Full Syllabus Test,702,60.4,0.69,0.19,1.9,43.8
CS03,2023-05-01,Chapter Quiz,706,77.6,0.88,0.08,2.3,60.7
CS03,2023-05-01,Unit Test,298,73.7,0.86,0.1,2.5,57.2
CS03,2023-05-01,Mock Exam,743,61.5,0.66,0.18,2.6,63.1
CS03,2023-05-01,Full Syllabus Test,563,63.4,0.73,0.16,1.7,45.0
CS03,2023-06-01,Chapter Quiz,913,69.6,0.92,0.1,2.6,83.1
CS03,2023-06-01,Unit Test,671,77.4,0.85,0.12,1.4,48.0
CS03,2023-06-01,Mock Exam,924,61.4,0.74,0.18,1.3,49.8
CS03,2023-06-01,Full Syllabus Test,1234,72.4,0.82,0.13,2.7,35.5
CS03,2023-07-01,Chapter Quiz,1308,76.4,0.75,0.14,1.5,77.2
CS03,2023-07-01,Unit Test,579,73.2,0.76,0.07,2.4,49.0
CS03,2023-07-01,Mock Exam,1213,60.6,0.77,0.08,2.1,79.9
CS03,2023-07-01,Full Syllabus Test,1975,69.1,0.76,0.17,2.6,78.8
CS03,2023-08-01,Chapter Quiz,1744,74.9,0.86,0.09,2.3,72.4
CS03,2023-08-01,Unit Test,1988,66.0,0.83,0.12,2.1,39.1
CS03,2023-08-01,Mock Exam,1112,75.7,0.96,0.19,2.4,50.2
CS03,2023-08-01,Full Syllabus Test,1458,78.2,0.98,0.13,1.8,74.5
CS03,2023-09-01,Chapter Quiz,1041,69.5,0.73,0.15,1.3,79.4
CS03,2023-09-01,Unit Test,403,71.4,0.89,0.18,2.2,35.7
CS03,2023-09-01,Mock Exam,272,60.4,0.72,0.08,1.5,32.1
CS03,2023-09-01,Full Syllabus Test,340,68.5,0.77,0.08,2.4,32.0
CS03,2023-10-01,Chapter Quiz,538,68.5,0.78,0.09,1.4,64.3
CS03,2023-10-01,Unit Test,1083,76.2,0.89,0.1,2.4,41.0
CS03,2023-10-01,Mock Exam,962,59.5,0.75,0.2,2.0,29.9
CS03,2023-10-01,Full Syllabus Test,1160,77.4,0.98,0.1,2.3,54.6
CS03,2023-11-01,Chapter Quiz,1736,74.1,0.96,0.19,2.6,49.3
CS03,2023-11-01,Unit Test,252,77.7,0.78,0.12,2.0,38.3
CS03,2023-11-01,Mock Exam,1062,71.7,0.93,0.14,2.4,86.4
CS03,2023-11-01,Full Syllabus Test,1419,69.8,0.73,0.07,1.2,33.2
CS03,2023-12-01,Chapter Quiz,689,73.0,0.89,0.12,1.6,44.5
CS03,2023-12-01,Unit Test,1108,64.7,0.77,0.13,2.2,47.4
CS03,2023-12-01,Mock Exam,1279,77.7,0.98,0.13,2.3,63.3
CS03,2023-12-01,Full Syllabus Test,1482,65.1,0.75,0.05,2.6,51.0
CS03,2024-01-01,Chapter Quiz,649,63.8,0.84,0.18,1.7,31.9
CS03,2024-01-01,Unit Test,894,74.6,0.85,0.05,1.6,88.5
CS03,2024-01-01,Mock Exam,471,77.0,0.91,0.18,2.6,76.4
CS03,2024-01-01,Full Syllabus Test,478,59.4,0.75,0.07,2.7,71.5
CS03,2024-02-01,Chapter Quiz,266,70.0,0.77,0.09,1.6,51.9
CS03,2024-02-01,Unit Test,1856,60.6,0.65,0.14,1.5,39.4
CS03,2024-02-01,Mock Exam,599,63.0,0.67,0.09,2.6,27.7
CS03,2024-02-01,Full Syllabus Test,320,67.9,0.79,0.11,2.0,55.2
CS03,2024-03-01,Chapter Quiz,810,74.8,0.74,0.2,2.5,55.8
CS03,2024-03-01,Unit Test,1244,73.4,0.9,0.16,1.7,56.1
CS03,2024-03-01,Mock Exam,1559,63.7,0.8,0.19,2.1,69.9
CS03,2024-03-01,Full Syllabus Test,1043,64.6,0.64,0.05,1.7,85.1
CS03,2024-04-01,Chapter Quiz,1360,58.5,0.61,0.17,2.7,61.5
CS03,2024-04-01,Unit Test,1047,62.0,0.65,0.08,1.2,83.8
CS03,2024-04-01,Mock Exam,255,75.7,0.87,0.19,2.3,80.0
CS03,2024-04-01,Full Syllabus Test,1445,64.5,0.65,0.11,1.5,78.8
CS03,2024-05-01,Chapter Quiz,1544,72.1,0.72,0.19,2.6,52.6
CS03,2024-05-01,Unit Test,239,60.2,0.74,0.13,1.6,51.2
CS03,2024-05-01,Mock Exam,1595,76.4,0.89,0.16,1.8,52.0
CS03,2024-05-01,Full Syllabus Test,1442,78.6,0.83,0.09,1.6,48.2
CS03,2024-06-01,Chapter Quiz,580,62.0,0.73,0.11,1.6,41.0
CS03,2024-06-01,Unit Test,1517,62.5,0.75,0.14,1.6,64.6
CS03,2024-06-01,Mock Exam,1635,69.0,0.85,0.16,1.5,46.1
CS03,2024-06-01,Full Syllabus Test,955,71.6,0.83,0.1,2.8,61.8
CS03,2024-07-01,Chapter Quiz,909,63.6,0.75,0.06,1.5,69.5
CS03,2024-07-01,Unit Test,212,61.4,0.63,0.13,2.0,55.1
CS03,2024-07-01,Mock Exam,1834,58.4,0.68,0.2,2.4,32.4
CS03,2024-07-01,Full Syllabus Test,391,73.5,0.86,0.06,1.9,70.4
CS03,2024-08-01,Chapter Quiz,1175,73.8,0.88,0.2,2.6,35.2
CS03,2024-08-01,Unit Test,539,68.7,0.89,0.11,2.3,60.5
CS03,2024-08-01,Mock Exam,1431,59.4,0.68,0.06,1.9,57.0
CS03,2024-08-01,Full Syllabus Test,1108,63.1,0.63,0.1,2.5,89.5
CS03,2024-09-01,Chapter Quiz,1759,63.4,0.75,0.14,1.8,82.9
CS03,2024-09-01,Unit Test,610,77.8,0.79,0.15,2.1,83.4
CS03,2024-09-01,Mock Exam,623,76.2,0.92,0.18,1.4,37.2
CS03,2024-09-01,Full Syllabus Test,1198,67.8,0.69,0.12,2.7,70.7
CS03,2024-10-01,Chapter Quiz,1340,64.4,0.63,0.12,2.0,52.3
CS03,2024-10-01,Unit Test,1534,69.4,0.77,0.09,2.3,58.5
CS03,2024-10-01,Mock Exam,635,73.1,0.81,0.17,2.6,40.7
CS03,2024-10-01,Full Syllabus Test,401,69.5,0.75,0.1,2.0,76.3
CS03,2024-11-01,Chapter Quiz,897,65.4,0.86,0.16,2.0,48.8
CS03,2024-11-01,Unit Test,782,65.0,0.82,0.15,2.1,30.2
CS03,2024-11-01,Mock Exam,1571,71.6,0.89,0.13,1.3,44.6
CS03,2024-11-01,Full Syllabus Test,969,67.1,0.7,0.14,2.3,57.2
CS03,2024-12-01,Chapter Quiz,831,68.0,0.9,0.17,1.3,83.5
CS03,2024-12-01,Unit Test,1252,62.1,0.67,0.11,1.6,80.7
CS03,2024-12-01,Mock Exam,1072,68.7,0.9,0.2,2.8,71.6
CS03,2024-12-01,Full Syllabus Test,1522,66.3,0.66,0.11,2.3,76.7
