state_code,district_code,financial_year,category_id,report_date,works_taken_up,works_completed,works_in_progress,expenditure_lakhs,assets_created
RJ,RJ_D01,FY2020,WC,2020-03-31,209,144,47,1728.29,118
RJ,RJ_D01,FY2020,RC,2020-03-31,165,80,51,1425.14,78
RJ,RJ_D01,FY2020,AG,2020-03-31,181,140,26,2893.67,101
RJ,RJ_D01,FY2020,LD,2020-03-31,90,55,27,800.09,44
RJ,RJ_D01,FY2020,FL,2020-03-31,83,47,26,1056.21,41
RJ,RJ_D02,FY2020,WC,2020-03-31,232,131,72,3288.58,106
RJ,RJ_D02,FY2020,RC,2020-03-31,219,109,94,2767.62,99
RJ,RJ_D02,FY2020,AG,2020-03-31,194,147,34,2248.93,129
RJ,RJ_D02,FY2020,LD,2020-03-31,102,74,22,1952.17,61
RJ,RJ_D02,FY2020,FL,2020-03-31,114,55,47,1688.99,46
RJ,RJ_D03,FY2020,WC,2020-03-31,267,192,57,3463.39,160
RJ,RJ_D03,FY2020,RC,2020-03-31,172,86,68,3041.17,85
RJ,RJ_D03,FY2020,AG,2020-03-31,153,122,20,2630.5,121
RJ,RJ_D03,FY2020,LD,2020-03-31,137,83,40,2717.69,81
RJ,RJ_D03,FY2020,FL,2020-03-31,107,77,26,1278.62,65
RJ,RJ_D04,FY2020,WC,2020-03-31,286,164,95,4918.75,122
RJ,RJ_D04,FY2020,RC,2020-03-31,224,133,68,3807.95,109
RJ,RJ_D04,FY2020,AG,2020-03-31,141,90,35,1984.97,65
RJ,RJ_D04,FY2020,LD,2020-03-31,152,90,38,2897.17,63
RJ,RJ_D04,FY2020,FL,2020-03-31,117,81,23,1151.0,59
RJ,RJ_D05,FY2020,WC,2020-03-31,286,204,56,3631.57,182
RJ,RJ_D05,FY2020,RC,2020-03-31,184,100,51,3491.21,96
RJ,RJ_D05,FY2020,AG,2020-03-31,130,61,43,1793.95,48
RJ,RJ_D05,FY2020,LD,2020-03-31,94,57,24,840.1,51
RJ,RJ_D05,FY2020,FL,2020-03-31,115,85,20,1138.67,68
RJ,RJ_D01,FY2021,WC,2021-03-31,219,117,69,2204.49,116
RJ,RJ_D01,FY2021,RC,2021-03-31,206,140,43,3858.75,122
RJ,RJ_D01,FY2021,AG,2021-03-31,154,115,27,3201.93,111
RJ,RJ_D01,FY2021,LD,2021-03-31,110,75,25,1888.86,64
RJ,RJ_D01,FY2021,FL,2021-03-31,84,47,29,1796.99,35
RJ,RJ_D02,FY2021,WC,2021-03-31,175,128,29,3835.71,115
RJ,RJ_D02,FY2021,RC,2021-03-31,200,148,43,1692.12,121
RJ,RJ_D02,FY2021,AG,2021-03-31,110,83,21,1044.89,67
RJ,RJ_D02,FY2021,LD,2021-03-31,79,56,16,891.21,47
RJ,RJ_D02,FY2021,FL,2021-03-31,68,36,20,1429.97,29
RJ,RJ_D03,FY2021,WC,2021-03-31,197,123,59,2345.8,90
RJ,RJ_D03,FY2021,RC,2021-03-31,120,62,43,1356.53,51
RJ,RJ_D03,FY2021,AG,2021-03-31,96,64,27,831.96,48
RJ,RJ_D03,FY2021,LD,2021-03-31,95,52,26,901.75,50
RJ,RJ_D03,FY2021,FL,2021-03-31,105,82,16,2132.18,77
RJ,RJ_D04,FY2021,WC,2021-03-31,230,106,98,3664.55,91
RJ,RJ_D04,FY2021,RC,2021-03-31,161,117,39,3156.38,112
RJ,RJ_D04,FY2021,AG,2021-03-31,133,91,30,1734.85,88
RJ,RJ_D04,FY2021,LD,2021-03-31,133,91,35,1735.0,75
RJ,RJ_D04,FY2021,FL,2021-03-31,112,66,28,1449.97,54
RJ,RJ_D05,FY2021,WC,2021-03-31,149,84,57,2982.9,70
RJ,RJ_D05,FY2021,RC,2021-03-31,181,91,74,2653.64,83
RJ,RJ_D05,FY2021,AG,2021-03-31,145,77,57,2321.52,72
RJ,RJ_D05,FY2021,LD,2021-03-31,81,53,19,1624.26,52
RJ,RJ_D05,FY2021,FL,2021-03-31,68,47,13,1360.35,34
RJ,RJ_D01,FY2022,WC,2022-03-31,198,106,75,2394.91,93
RJ,RJ_D01,FY2022,RC,2022-03-31,217,128,67,2095.07,123
RJ,RJ_D01,FY2022,AG,2022-03-31,143,108,26,2373.1,83
RJ,RJ_D01,FY2022,LD,2022-03-31,115,71,29,1601.25,59
RJ,RJ_D01,FY2022,FL,2022-03-31,104,57,41,1687.33,54
RJ,RJ_D02,FY2022,WC,2022-03-31,177,79,74,3464.82,69
RJ,RJ_D02,FY2022,RC,2022-03-31,223,111,100,3437.73,81
RJ,RJ_D02,FY2022,AG,2022-03-31,164,77,63,2945.75,61
RJ,RJ_D02,FY2022,LD,2022-03-31,123,77,34,1788.42,65
RJ,RJ_D02,FY2022,FL,2022-03-31,88,54,30,1645.66,42
RJ,RJ_D03,FY2022,WC,2022-03-31,269,152,76,5065.2,115
RJ,RJ_D03,FY2022,RC,2022-03-31,253,147,87,2943.49,131
RJ,RJ_D03,FY2022,AG,2022-03-31,143,65,65,2858.04,62
RJ,RJ_D03,FY2022,LD,2022-03-31,100,71,24,1236.38,59
RJ,RJ_D03,FY2022,FL,2022-03-31,114,68,39,1578.92,53
RJ,RJ_D04,FY2022,WC,2022-03-31,189,129,37,1673.89,116
RJ,RJ_D04,FY2022,RC,2022-03-31,232,120,99,4414.82,108
RJ,RJ_D04,FY2022,AG,2022-03-31,200,118,60,4036.6,83
RJ,RJ_D04,FY2022,LD,2022-03-31,164,99,48,2059.81,87
RJ,RJ_D04,FY2022,FL,2022-03-31,134,67,51,1944.17,62
RJ,RJ_D05,FY2022,WC,2022-03-31,249,149,75,3702.12,146
RJ,RJ_D05,FY2022,RC,2022-03-31,185,85,79,3043.95,82
RJ,RJ_D05,FY2022,AG,2022-03-31,133,84,31,1912.53,78
RJ,RJ_D05,FY2022,LD,2022-03-31,168,124,33,2835.07,107
RJ,RJ_D05,FY2022,FL,2022-03-31,126,95,20,1781.98,83
RJ,RJ_D01,FY2023,WC,2023-03-31,302,216,54,3354.24,210
RJ,RJ_D01,FY2023,RC,2023-03-31,204,91,74,4401.04,72
RJ,RJ_D01,FY2023,AG,2023-03-31,199,140,46,2643.9,116
RJ,RJ_D01,FY2023,LD,2023-03-31,179,122,34,1941.86,95
RJ,RJ_D01,FY2023,FL,2023-03-31,119,77,29,2326.47,64
RJ,RJ_D02,FY2023,WC,2023-03-31,261,156,72,4736.42,119
RJ,RJ_D02,FY2023,RC,2023-03-31,249,158,57,2054.63,118
RJ,RJ_D02,FY2023,AG,2023-03-31,215,125,75,3230.74,88
RJ,RJ_D02,FY2023,LD,2023-03-31,180,139,25,1965.04,127
RJ,RJ_D02,FY2023,FL,2023-03-31,169,127,26,2788.72,114
RJ,RJ_D03,FY2023,WC,2023-03-31,281,182,68,4877.9,167
RJ,RJ_D03,FY2023,RC,2023-03-31,233,145,58,3640.89,107
RJ,RJ_D03,FY2023,AG,2023-03-31,138,99,31,2357.93,96
RJ,RJ_D03,FY2023,LD,2023-03-31,138,81,41,2002.93,69
RJ,RJ_D03,FY2023,FL,2023-03-31,152,79,53,2290.91,59
RJ,RJ_D04,FY2023,WC,2023-03-31,292,137,120,3162.36,96
RJ,RJ_D04,FY2023,RC,2023-03-31,198,118,67,2714.55,115
RJ,RJ_D04,FY2023,AG,2023-03-31,224,115,70,2556.69,92
RJ,RJ_D04,FY2023,LD,2023-03-31,156,76,60,2516.41,68
RJ,RJ_D04,FY2023,FL,2023-03-31,134,99,27,2806.46,90
RJ,RJ_D05,FY2023,WC,2023-03-31,251,131,72,2325.68,99
RJ,RJ_D05,FY2023,RC,2023-03-31,185,131,38,2320.56,93
RJ,RJ_D05,FY2023,AG,2023-03-31,190,126,55,2857.56,88
RJ,RJ_D05,FY2023,LD,2023-03-31,110,59,32,2066.7,43
RJ,RJ_D05,FY2023,FL,2023-03-31,103,70,22,2221.41,67
RJ,RJ_D01,FY2024,WC,2024-03-31,309,176,82,3927.27,143
RJ,RJ_D01,FY2024,RC,2024-03-31,179,88,72,2014.4,79
RJ,RJ_D01,FY2024,AG,2024-03-31,198,151,39,2003.6,133
RJ,RJ_D01,FY2024,LD,2024-03-31,168,126,33,1674.96,97
RJ,RJ_D01,FY2024,FL,2024-03-31,146,112,29,1902.18,106
RJ,RJ_D02,FY2024,WC,2024-03-31,271,165,74,4741.1,145
RJ,RJ_D02,FY2024,RC,2024-03-31,213,152,43,3446.64,124
RJ,RJ_D02,FY2024,AG,2024-03-31,148,74,58,2864.85,62
RJ,RJ_D02,FY2024,LD,2024-03-31,138,78,46,2007.58,54
RJ,RJ_D02,FY2024,FL,2024-03-31,156,77,63,1999.76,67
RJ,RJ_D03,FY2024,WC,2024-03-31,327,164,135,2791.38,160
RJ,RJ_D03,FY2024,RC,2024-03-31,189,137,32,2377.37,121
RJ,RJ_D03,FY2024,AG,2024-03-31,211,146,45,3655.39,120
RJ,RJ_D03,FY2024,LD,2024-03-31,160,102,37,3176.38,97
RJ,RJ_D03,FY2024,FL,2024-03-31,110,65,33,1725.34,45
RJ,RJ_D04,FY2024,WC,2024-03-31,311,233,50,6391.92,222
RJ,RJ_D04,FY2024,RC,2024-03-31,237,129,71,3518.92,109
RJ,RJ_D04,FY2024,AG,2024-03-31,210,153,50,4021.07,148
RJ,RJ_D04,FY2024,LD,2024-03-31,154,71,51,1810.86,62
RJ,RJ_D04,FY2024,FL,2024-03-31,121,61,51,2636.58,43
RJ,RJ_D05,FY2024,WC,2024-03-31,203,126,54,3846.87,112
RJ,RJ_D05,FY2024,RC,2024-03-31,171,109,43,3678.48,91
RJ,RJ_D05,FY2024,AG,2024-03-31,242,111,82,3244.68,107
RJ,RJ_D05,FY2024,LD,2024-03-31,158,116,28,1510.63,89
RJ,RJ_D05,FY2024,FL,2024-03-31,146,110,26,1563.75,98
UP,UP_D01,FY2020,WC,2020-03-31,144,69,63,2775.22,59
UP,UP_D01,FY2020,RC,2020-03-31,85,46,25,1302.91,33
UP,UP_D01,FY2020,AG,2020-03-31,120,89,20,2127.41,80
UP,UP_D01,FY2020,LD,2020-03-31,74,37,23,1358.1,28
UP,UP_D01,FY2020,FL,2020-03-31,73,54,14,1579.39,48
UP,UP_D02,FY2020,WC,2020-03-31,123,92,21,2657.04,77
UP,UP_D02,FY2020,RC,2020-03-31,151,77,44,1622.62,56
UP,UP_D02,FY2020,AG,2020-03-31,112,60,41,1944.45,54
UP,UP_D02,FY2020,LD,2020-03-31,95,47,29,799.51,34
UP,UP_D02,FY2020,FL,2020-03-31,64,50,9,917.82,47
UP,UP_D03,FY2020,WC,2020-03-31,173,136,31,2601.09,104
UP,UP_D03,FY2020,RC,2020-03-31,125,64,37,2608.87,54
UP,UP_D03,FY2020,AG,2020-03-31,99,65,25,1407.98,63
UP,UP_D03,FY2020,LD,2020-03-31,94,49,30,1621.38,42
UP,UP_D03,FY2020,FL,2020-03-31,80,56,19,1625.84,52
UP,UP_D04,FY2020,WC,2020-03-31,117,88,20,2428.05,83
UP,UP_D04,FY2020,RC,2020-03-31,88,63,18,1907.8,52
UP,UP_D04,FY2020,AG,2020-03-31,73,40,24,1188.94,29
UP,UP_D04,FY2020,LD,2020-03-31,79,48,26,966.46,40
UP,UP_D04,FY2020,FL,2020-03-31,64,42,18,1117.36,35
UP,UP_D05,FY2020,WC,2020-03-31,150,84,42,1871.41,69
UP,UP_D05,FY2020,RC,2020-03-31,114,80,29,1532.78,58
UP,UP_D05,FY2020,AG,2020-03-31,71,32,34,1557.66,22
UP,UP_D05,FY2020,LD,2020-03-31,72,49,15,1175.19,46
UP,UP_D05,FY2020,FL,2020-03-31,84,58,16,1081.71,57
UP,UP_D01,FY2021,WC,2021-03-31,96,58,26,1044.24,46
UP,UP_D01,FY2021,RC,2021-03-31,82,62,13,1371.83,60
UP,UP_D01,FY2021,AG,2021-03-31,107,70,25,1227.35,64
UP,UP_D01,FY2021,LD,2021-03-31,86,41,37,836.07,32
UP,UP_D01,FY2021,FL,2021-03-31,61,33,22,844.29,25
UP,UP_D02,FY2021,WC,2021-03-31,119,54,53,1822.13,53
UP,UP_D02,FY2021,RC,2021-03-31,76,53,15,1005.03,42
UP,UP_D02,FY2021,AG,2021-03-31,76,45,18,1508.95,43
UP,UP_D02,FY2021,LD,2021-03-31,48,34,8,926.85,30
UP,UP_D02,FY2021,FL,2021-03-31,52,34,13,878.83,28
UP,UP_D03,FY2021,WC,2021-03-31,137,63,52,2168.71,55
UP,UP_D03,FY2021,RC,2021-03-31,80,38,25,1102.58,30
UP,UP_D03,FY2021,AG,2021-03-31,87,52,25,1723.16,46
UP,UP_D03,FY2021,LD,2021-03-31,73,42,25,739.43,34
UP,UP_D03,FY2021,FL,2021-03-31,42,20,13,595.56,18
UP,UP_D04,FY2021,WC,2021-03-31,104,47,46,1134.02,43
UP,UP_D04,FY2021,RC,2021-03-31,71,39,25,1433.92,36
UP,UP_D04,FY2021,AG,2021-03-31,81,56,19,1570.39,52
UP,UP_D04,FY2021,LD,2021-03-31,86,41,31,919.62,36
UP,UP_D04,FY2021,FL,2021-03-31,64,33,22,1051.53,29
UP,UP_D05,FY2021,WC,2021-03-31,89,68,12,1924.29,54
UP,UP_D05,FY2021,RC,2021-03-31,89,53,29,910.86,41
UP,UP_D05,FY2021,AG,2021-03-31,107,80,17,1714.37,60
UP,UP_D05,FY2021,LD,2021-03-31,69,39,21,1165.48,30
UP,UP_D05,FY2021,FL,2021-03-31,55,42,10,735.13,32
UP,UP_D01,FY2022,WC,2022-03-31,167,122,38,2655.29,104
UP,UP_D01,FY2022,RC,2022-03-31,147,75,61,1328.13,66
UP,UP_D01,FY2022,AG,2022-03-31,114,63,31,2057.7,44
UP,UP_D01,FY2022,LD,2022-03-31,70,44,22,624.61,38
UP,UP_D01,FY2022,FL,2022-03-31,68,46,19,799.7,45
UP,UP_D02,FY2022,WC,2022-03-31,186,123,52,3740.17,115
UP,UP_D02,FY2022,RC,2022-03-31,117,85,22,2356.28,66
UP,UP_D02,FY2022,AG,2022-03-31,113,78,25,2142.66,76
UP,UP_D02,FY2022,LD,2022-03-31,70,32,29,1150.14,25
UP,UP_D02,FY2022,FL,2022-03-31,89,65,16,1562.11,58
UP,UP_D03,FY2022,WC,2022-03-31,138,108,21,2302.39,87
UP,UP_D03,FY2022,RC,2022-03-31,92,44,32,1782.07,36
UP,UP_D03,FY2022,AG,2022-03-31,114,88,16,2287.46,71
UP,UP_D03,FY2022,LD,2022-03-31,78,52,22,1004.6,48
UP,UP_D03,FY2022,FL,2022-03-31,54,36,14,852.38,35
UP,UP_D04,FY2022,WC,2022-03-31,192,109,61,3665.91,103
UP,UP_D04,FY2022,RC,2022-03-31,124,70,45,1646.25,57
UP,UP_D04,FY2022,AG,2022-03-31,85,54,21,1382.82,45
UP,UP_D04,FY2022,LD,2022-03-31,100,54,29,1784.14,44
UP,UP_D04,FY2022,FL,2022-03-31,79,61,13,800.55,50
UP,UP_D05,FY2022,WC,2022-03-31,150,107,28,1928.49,76
UP,UP_D05,FY2022,RC,2022-03-31,146,103,31,2268.22,95
UP,UP_D05,FY2022,AG,2022-03-31,93,61,28,1600.67,44
UP,UP_D05,FY2022,LD,2022-03-31,76,48,17,1327.87,43
UP,UP_D05,FY2022,FL,2022-03-31,93,58,28,980.99,40
UP,UP_D01,FY2023,WC,2023-03-31,131,61,50,1906.87,54
UP,UP_D01,FY2023,RC,2023-03-31,109,57,43,1751.77,40
UP,UP_D01,FY2023,AG,2023-03-31,141,94,30,1625.58,81
UP,UP_D01,FY2023,LD,2023-03-31,96,70,18,1506.26,61
UP,UP_D01,FY2023,FL,2023-03-31,84,39,32,1070.53,38
UP,UP_D02,FY2023,WC,2023-03-31,160,96,47,3339.19,84
UP,UP_D02,FY2023,RC,2023-03-31,130,100,26,1521.05,81
UP,UP_D02,FY2023,AG,2023-03-31,149,95,39,1599.61,77
UP,UP_D02,FY2023,LD,2023-03-31,100,46,33,807.53,35
UP,UP_D02,FY2023,FL,2023-03-31,66,49,11,1138.93,36
UP,UP_D03,FY2023,WC,2023-03-31,172,103,49,3438.6,77
UP,UP_D03,FY2023,RC,2023-03-31,148,109,31,3221.49,76
UP,UP_D03,FY2023,AG,2023-03-31,143,95,28,2075.92,88
UP,UP_D03,FY2023,LD,2023-03-31,75,51,15,1443.63,44
UP,UP_D03,FY2023,FL,2023-03-31,58,27,26,490.8,21
UP,UP_D04,FY2023,WC,2023-03-31,170,89,54,3206.96,70
UP,UP_D04,FY2023,RC,2023-03-31,101,70,27,1984.35,60
UP,UP_D04,FY2023,AG,2023-03-31,111,85,21,1774.8,81
UP,UP_D04,FY2023,LD,2023-03-31,99,78,18,1554.92,76
UP,UP_D04,FY2023,FL,2023-03-31,74,51,14,1519.6,39
UP,UP_D05,FY2023,WC,2023-03-31,207,94,90,2090.86,87
UP,UP_D05,FY2023,RC,2023-03-31,139,106,26,2607.05,78
UP,UP_D05,FY2023,AG,2023-03-31,88,65,15,1772.07,48
UP,UP_D05,FY2023,LD,2023-03-31,82,63,16,718.27,52
UP,UP_D05,FY2023,FL,2023-03-31,101,45,35,1720.31,32
UP,UP_D01,FY2024,WC,2024-03-31,163,102,52,3488.77,87
UP,UP_D01,FY2024,RC,2024-03-31,145,102,28,3069.94,71
UP,UP_D01,FY2024,AG,2024-03-31,84,56,19,1140.18,42
UP,UP_D01,FY2024,LD,2024-03-31,91,67,19,848.59,48
UP,UP_D01,FY2024,FL,2024-03-31,84,59,19,1688.2,43
UP,UP_D02,FY2024,WC,2024-03-31,179,128,44,1684.81,98
UP,UP_D02,FY2024,RC,2024-03-31,132,84,34,2647.34,82
UP,UP_D02,FY2024,AG,2024-03-31,89,61,17,1830.85,45
UP,UP_D02,FY2024,LD,2024-03-31,125,74,36,2025.99,60
UP,UP_D02,FY2024,FL,2024-03-31,71,47,19,1507.65,38
UP,UP_D03,FY2024,WC,2024-03-31,189,140,41,1602.68,112
UP,UP_D03,FY2024,RC,2024-03-31,102,65,31,1979.7,61
UP,UP_D03,FY2024,AG,2024-03-31,110,51,38,1912.86,37
UP,UP_D03,FY2024,LD,2024-03-31,74,42,20,933.66,41
UP,UP_D03,FY2024,FL,2024-03-31,60,44,14,846.58,43
UP,UP_D04,FY2024,WC,2024-03-31,144,114,25,2935.55,84
UP,UP_D04,FY2024,RC,2024-03-31,177,137,33,1642.4,99
UP,UP_D04,FY2024,AG,2024-03-31,110,76,20,2343.99,65
UP,UP_D04,FY2024,LD,2024-03-31,88,56,26,1040.68,44
UP,UP_D04,FY2024,FL,2024-03-31,82,56,21,1028.02,44
UP,UP_D05,FY2024,WC,2024-03-31,167,106,48,2780.21,86
UP,UP_D05,FY2024,RC,2024-03-31,127,70,45,1786.14,51
UP,UP_D05,FY2024,AG,2024-03-31,84,38,39,1210.4,34
UP,UP_D05,FY2024,LD,2024-03-31,121,59,45,1881.18,56
UP,UP_D05,FY2024,FL,2024-03-31,109,76,26,2276.4,72
WB,WB_D01,FY2020,WC,2020-03-31,183,115,56,1928.89,106
WB,WB_D01,FY2020,RC,2020-03-31,158,102,47,2218.14,94
WB,WB_D01,FY2020,AG,2020-03-31,190,128,46,2785.73,121
WB,WB_D01,FY2020,LD,2020-03-31,113,73,25,1794.36,72
WB,WB_D01,FY2020,FL,2020-03-31,96,57,32,1264.87,48
WB,WB_D02,FY2020,WC,2020-03-31,201,106,76,3939.65,94
WB,WB_D02,FY2020,RC,2020-03-31,269,178,76,5853.55,129
WB,WB_D02,FY2020,AG,2020-03-31,184,95,65,2758.94,84
WB,WB_D02,FY2020,LD,2020-03-31,144,81,38,1222.14,60
WB,WB_D02,FY2020,FL,2020-03-31,126,75,33,2458.61,67
WB,WB_D03,FY2020,WC,2020-03-31,237,172,58,2709.05,139
WB,WB_D03,FY2020,RC,2020-03-31,290,144,90,4435.22,121
WB,WB_D03,FY2020,AG,2020-03-31,139,76,45,2712.02,69
WB,WB_D03,FY2020,LD,2020-03-31,186,105,56,2694.13,73
WB,WB_D03,FY2020,FL,2020-03-31,107,56,31,1537.79,54
WB,WB_D04,FY2020,WC,2020-03-31,183,122,52,1739.47,118
WB,WB_D04,FY2020,RC,2020-03-31,267,140,110,5141.41,102
WB,WB_D04,FY2020,AG,2020-03-31,224,143,68,3729.0,116
WB,WB_D04,FY2020,LD,2020-03-31,158,106,43,3101.47,95
WB,WB_D04,FY2020,FL,2020-03-31,169,122,41,2107.92,96
WB,WB_D05,FY2020,WC,2020-03-31,240,144,85,2167.06,122
WB,WB_D05,FY2020,RC,2020-03-31,178,130,29,2558.22,106
WB,WB_D05,FY2020,AG,2020-03-31,141,82,49,1399.37,81
WB,WB_D05,FY2020,LD,2020-03-31,109,60,40,1417.58,50
WB,WB_D05,FY2020,FL,2020-03-31,106,74,20,2107.52,63
WB,WB_D01,FY2021,WC,2021-03-31,228,177,42,4196.1,169
WB,WB_D01,FY2021,RC,2021-03-31,144,101,28,1718.39,71
WB,WB_D01,FY2021,AG,2021-03-31,196,138,37,2467.82,116
WB,WB_D01,FY2021,LD,2021-03-31,126,82,32,2152.21,79
WB,WB_D01,FY2021,FL,2021-03-31,104,78,17,1008.73,60
WB,WB_D02,FY2021,WC,2021-03-31,183,145,27,3133.07,131
WB,WB_D02,FY2021,RC,2021-03-31,184,97,63,2692.41,95
WB,WB_D02,FY2021,AG,2021-03-31,165,130,27,1654.95,105
WB,WB_D02,FY2021,LD,2021-03-31,149,89,37,1392.41,68
WB,WB_D02,FY2021,FL,2021-03-31,115,85,22,2121.19,75
WB,WB_D03,FY2021,WC,2021-03-31,225,118,92,2668.5,91
WB,WB_D03,FY2021,RC,2021-03-31,163,78,63,2051.42,66
WB,WB_D03,FY2021,AG,2021-03-31,154,97,39,2989.44,83
WB,WB_D03,FY2021,LD,2021-03-31,104,79,15,1899.88,71
WB,WB_D03,FY2021,FL,2021-03-31,82,62,13,1506.55,48
WB,WB_D04,FY2021,WC,2021-03-31,225,177,37,2733.42,148
WB,WB_D04,FY2021,RC,2021-03-31,210,127,72,4230.33,94
WB,WB_D04,FY2021,AG,2021-03-31,186,145,28,2108.32,101
WB,WB_D04,FY2021,LD,2021-03-31,97,76,15,1302.01,59
WB,WB_D04,FY2021,FL,2021-03-31,88,55,26,1382.58,39
WB,WB_D05,FY2021,WC,2021-03-31,263,204,43,3453.32,156
WB,WB_D05,FY2021,RC,2021-03-31,168,113,45,2125.37,90
WB,WB_D05,FY2021,AG,2021-03-31,154,78,66,2752.96,64
WB,WB_D05,FY2021,LD,2021-03-31,98,73,18,1877.32,51
WB,WB_D05,FY2021,FL,2021-03-31,96,64,23,1164.58,48
WB,WB_D01,FY2022,WC,2022-03-31,253,179,48,4127.29,148
WB,WB_D01,FY2022,RC,2022-03-31,285,148,93,3870.76,110
WB,WB_D01,FY2022,AG,2022-03-31,200,119,72,3262.82,85
WB,WB_D01,FY2022,LD,2022-03-31,160,121,33,3434.44,117
WB,WB_D01,FY2022,FL,2022-03-31,116,52,50,2068.77,38
WB,WB_D02,FY2022,WC,2022-03-31,230,181,43,2345.45,140
WB,WB_D02,FY2022,RC,2022-03-31,304,183,101,4117.32,168
WB,WB_D02,FY2022,AG,2022-03-31,192,146,32,2942.14,125
WB,WB_D02,FY2022,LD,2022-03-31,179,99,63,1785.44,95
WB,WB_D02,FY2022,FL,2022-03-31,113,84,23,1443.57,67
WB,WB_D03,FY2022,WC,2022-03-31,368,190,145,3890.33,184
WB,WB_D03,FY2022,RC,2022-03-31,282,218,55,4425.42,162
WB,WB_D03,FY2022,AG,2022-03-31,171,89,54,2508.54,85
WB,WB_D03,FY2022,LD,2022-03-31,117,62,42,2353.4,48
WB,WB_D03,FY2022,FL,2022-03-31,133,77,38,2365.1,69
WB,WB_D04,FY2022,WC,2022-03-31,347,267,69,5400.1,201
WB,WB_D04,FY2022,RC,2022-03-31,205,134,62,3162.34,131
WB,WB_D04,FY2022,AG,2022-03-31,176,84,77,3574.8,70
WB,WB_D04,FY2022,LD,2022-03-31,125,58,41,1768.45,44
WB,WB_D04,FY2022,FL,2022-03-31,140,86,39,2335.05,77
WB,WB_D05,FY2022,WC,2022-03-31,270,153,83,2425.29,121
WB,WB_D05,FY2022,RC,2022-03-31,202,111,74,4411.59,108
WB,WB_D05,FY2022,AG,2022-03-31,245,173,63,4539.5,145
WB,WB_D05,FY2022,LD,2022-03-31,174,96,46,2253.4,78
WB,WB_D05,FY2022,FL,2022-03-31,164,123,36,2119.71,121
WB,WB_D01,FY2023,WC,2023-03-31,364,167,153,4775.31,118
WB,WB_D01,FY2023,RC,2023-03-31,269,176,62,5691.59,155
WB,WB_D01,FY2023,AG,2023-03-31,177,124,39,2588.67,117
WB,WB_D01,FY2023,LD,2023-03-31,138,85,44,2379.87,59
WB,WB_D01,FY2023,FL,2023-03-31,181,141,32,3667.53,113
WB,WB_D02,FY2023,WC,2023-03-31,281,158,100,5954.09,152
WB,WB_D02,FY2023,RC,2023-03-31,209,139,62,2536.25,123
WB,WB_D02,FY2023,AG,2023-03-31,274,209,45,2552.3,186
WB,WB_D02,FY2023,LD,2023-03-31,223,139,61,4481.25,115
WB,WB_D02,FY2023,FL,2023-03-31,171,100,50,1817.61,72
WB,WB_D03,FY2023,WC,2023-03-31,380,195,114,6137.88,168
WB,WB_D03,FY2023,RC,2023-03-31,275,168,68,2280.52,119
WB,WB_D03,FY2023,AG,2023-03-31,279,177,73,3836.71,158
WB,WB_D03,FY2023,LD,2023-03-31,163,118,30,2142.09,115
WB,WB_D03,FY2023,FL,2023-03-31,132,89,30,1926.77,63
WB,WB_D04,FY2023,WC,2023-03-31,247,119,109,5301.53,85
WB,WB_D04,FY2023,RC,2023-03-31,197,126,53,3370.28,116
WB,WB_D04,FY2023,AG,2023-03-31,260,130,79,5316.54,109
WB,WB_D04,FY2023,LD,2023-03-31,226,143,62,3779.11,107
WB,WB_D04,FY2023,FL,2023-03-31,131,100,20,1475.27,85
WB,WB_D05,FY2023,WC,2023-03-31,335,150,136,4551.37,143
WB,WB_D05,FY2023,RC,2023-03-31,318,243,63,6046.44,232
WB,WB_D05,FY2023,AG,2023-03-31,177,100,61,3703.52,90
WB,WB_D05,FY2023,LD,2023-03-31,145,113,26,2614.58,104
WB,WB_D05,FY2023,FL,2023-03-31,169,77,62,3615.25,60
WB,WB_D01,FY2024,WC,2024-03-31,371,222,129,5864.53,197
WB,WB_D01,FY2024,RC,2024-03-31,230,108,100,2057.81,98
WB,WB_D01,FY2024,AG,2024-03-31,235,173,41,3661.63,152
WB,WB_D01,FY2024,LD,2024-03-31,135,95,28,1323.65,77
WB,WB_D01,FY2024,FL,2024-03-31,121,92,21,1201.82,71
WB,WB_D02,FY2024,WC,2024-03-31,362,262,61,3199.47,255
WB,WB_D02,FY2024,RC,2024-03-31,246,127,75,3607.2,118
WB,WB_D02,FY2024,AG,2024-03-31,231,105,93,2855.9,95
WB,WB_D02,FY2024,LD,2024-03-31,185,145,31,3118.13,124
WB,WB_D02,FY2024,FL,2024-03-31,141,94,32,2544.05,72
WB,WB_D03,FY2024,WC,2024-03-31,294,192,80,5104.01,174
WB,WB_D03,FY2024,RC,2024-03-31,243,185,35,2585.04,133
WB,WB_D03,FY2024,AG,2024-03-31,251,136,75,3697.07,120
WB,WB_D03,FY2024,LD,2024-03-31,195,125,62,3908.39,96
WB,WB_D03,FY2024,FL,2024-03-31,184,119,40,1599.72,111
WB,WB_D04,FY2024,WC,2024-03-31,328,213,80,6896.16,194
WB,WB_D04,FY2024,RC,2024-03-31,344,166,137,5822.33,122
WB,WB_D04,FY2024,AG,2024-03-31,207,108,88,3230.82,85
WB,WB_D04,FY2024,LD,2024-03-31,200,136,45,4382.98,128
WB,WB_D04,FY2024,FL,2024-03-31,150,102,39,1565.01,98
WB,WB_D05,FY2024,WC,2024-03-31,381,272,72,3774.76,205
WB,WB_D05,FY2024,RC,2024-03-31,206,160,39,1909.81,144
WB,WB_D05,FY2024,AG,2024-03-31,193,88,72,2732.96,62
WB,WB_D05,FY2024,LD,2024-03-31,163,113,33,2410.53,109
WB,WB_D05,FY2024,FL,2024-03-31,114,82,22,1775.68,63
MP,MP_D01,FY2020,WC,2020-03-31,172,126,27,3335.74,125
MP,MP_D01,FY2020,RC,2020-03-31,205,108,58,2071.34,91
MP,MP_D01,FY2020,AG,2020-03-31,204,154,40,1879.96,153
MP,MP_D01,FY2020,LD,2020-03-31,158,94,54,2565.92,82
MP,MP_D01,FY2020,FL,2020-03-31,155,113,28,1620.09,84
MP,MP_D02,FY2020,WC,2020-03-31,235,137,72,2086.28,104
MP,MP_D02,FY2020,RC,2020-03-31,244,174,50,3285.82,167
MP,MP_D02,FY2020,AG,2020-03-31,139,79,49,2230.15,56
MP,MP_D02,FY2020,LD,2020-03-31,97,44,42,1621.34,31
MP,MP_D02,FY2020,FL,2020-03-31,94,66,19,2057.06,52
MP,MP_D03,FY2020,WC,2020-03-31,218,130,74,3444.85,124
MP,MP_D03,FY2020,RC,2020-03-31,198,131,40,3179.42,94
MP,MP_D03,FY2020,AG,2020-03-31,141,112,22,2843.91,80
MP,MP_D03,FY2020,LD,2020-03-31,128,96,23,1478.51,81
MP,MP_D03,FY2020,FL,2020-03-31,118,94,16,2525.54,91
MP,MP_D04,FY2020,WC,2020-03-31,234,182,42,4771.3,176
MP,MP_D04,FY2020,RC,2020-03-31,155,118,27,2622.37,93
MP,MP_D04,FY2020,AG,2020-03-31,188,86,72,3158.45,65
MP,MP_D04,FY2020,LD,2020-03-31,152,112,24,2501.2,97
MP,MP_D04,FY2020,FL,2020-03-31,141,97,32,1827.83,96
MP,MP_D05,FY2020,WC,2020-03-31,242,143,88,2547.54,108
MP,MP_D05,FY2020,RC,2020-03-31,266,180,65,2380.4,145
MP,MP_D05,FY2020,AG,2020-03-31,166,104,45,2346.16,103
MP,MP_D05,FY2020,LD,2020-03-31,177,84,60,3749.31,66
MP,MP_D05,FY2020,FL,2020-03-31,129,94,25,1062.01,89
MP,MP_D01,FY2021,WC,2021-03-31,237,110,110,4739.57,86
MP,MP_D01,FY2021,RC,2021-03-31,132,78,46,1947.5,61
MP,MP_D01,FY2021,AG,2021-03-31,123,70,47,2496.65,60
MP,MP_D01,FY2021,LD,2021-03-31,139,77,48,2810.37,62
MP,MP_D01,FY2021,FL,2021-03-31,121,80,32,1037.62,77
MP,MP_D02,FY2021,WC,2021-03-31,239,110,101,4407.79,103
MP,MP_D02,FY2021,RC,2021-03-31,132,88,29,1890.26,75
MP,MP_D02,FY2021,AG,2021-03-31,105,58,39,2078.25,46
MP,MP_D02,FY2021,LD,2021-03-31,113,83,19,2060.4,68
MP,MP_D02,FY2021,FL,2021-03-31,133,87,29,1384.01,61
MP,MP_D03,FY2021,WC,2021-03-31,232,140,55,2185.41,110
MP,MP_D03,FY2021,RC,2021-03-31,168,130,28,3447.24,100
MP,MP_D03,FY2021,AG,2021-03-31,132,100,23,2146.62,87
MP,MP_D03,FY2021,LD,2021-03-31,127,83,35,1277.86,75
MP,MP_D03,FY2021,FL,2021-03-31,81,46,29,1337.23,45
MP,MP_D04,FY2021,WC,2021-03-31,175,135,31,2304.64,126
MP,MP_D04,FY2021,RC,2021-03-31,224,161,37,1824.2,118
MP,MP_D04,FY2021,AG,2021-03-31,177,126,40,3136.99,111
MP,MP_D04,FY2021,LD,2021-03-31,106,74,28,1960.51,71
MP,MP_D04,FY2021,FL,2021-03-31,86,49,27,1255.68,41
MP,MP_D05,FY2021,WC,2021-03-31,223,167,48,2253.87,121
MP,MP_D05,FY2021,RC,2021-03-31,156,110,38,2085.08,87
MP,MP_D05,FY2021,AG,2021-03-31,114,60,34,1396.95,54
MP,MP_D05,FY2021,LD,2021-03-31,91,51,30,1144.73,42
MP,MP_D05,FY2021,FL,2021-03-31,102,73,24,1090.73,59
MP,MP_D01,FY2022,WC,2022-03-31,278,173,65,3566.6,132
MP,MP_D01,FY2022,RC,2022-03-31,217,123,76,2955.59,95
MP,MP_D01,FY2022,AG,2022-03-31,203,142,38,2338.01,108
MP,MP_D01,FY2022,LD,2022-03-31,124,94,19,2504.29,76
MP,MP_D01,FY2022,FL,2022-03-31,144,87,44,2264.14,72
MP,MP_D02,FY2022,WC,2022-03-31,230,178,45,2068.99,136
MP,MP_D02,FY2022,RC,2022-03-31,238,188,40,4630.7,149
MP,MP_D02,FY2022,AG,2022-03-31,158,83,55,3162.96,63
MP,MP_D02,FY2022,LD,2022-03-31,158,115,32,2186.19,92
MP,MP_D02,FY2022,FL,2022-03-31,141,103,34,2844.12,86
MP,MP_D03,FY2022,WC,2022-03-31,199,97,62,2602.38,81
MP,MP_D03,FY2022,RC,2022-03-31,272,130,94,4120.56,124
MP,MP_D03,FY2022,AG,2022-03-31,143,76,51,1793.38,75
MP,MP_D03,FY2022,LD,2022-03-31,147,113,29,1709.91,90
MP,MP_D03,FY2022,FL,2022-03-31,119,71,29,2297.05,52
MP,MP_D04,FY2022,WC,2022-03-31,329,214,85,5675.59,209
MP,MP_D04,FY2022,RC,2022-03-31,200,108,65,2963.06,78
MP,MP_D04,FY2022,AG,2022-03-31,210,132,59,2413.96,125
MP,MP_D04,FY2022,LD,2022-03-31,142,96,30,2758.79,75
MP,MP_D04,FY2022,FL,2022-03-31,166,101,41,2748.42,87
MP,MP_D05,FY2022,WC,2022-03-31,253,186,48,2506.5,131
MP,MP_D05,FY2022,RC,2022-03-31,282,172,84,2709.0,145
MP,MP_D05,FY2022,AG,2022-03-31,194,118,67,3103.88,117
MP,MP_D05,FY2022,LD,2022-03-31,120,92,21,1457.51,84
MP,MP_D05,FY2022,FL,2022-03-31,137,89,31,2400.13,70
MP,MP_D01,FY2023,WC,2023-03-31,261,200,39,5327.8,170
MP,MP_D01,FY2023,RC,2023-03-31,197,144,42,2532.53,113
MP,MP_D01,FY2023,AG,2023-03-31,194,96,82,2308.83,91
MP,MP_D01,FY2023,LD,2023-03-31,185,144,25,2384.38,127
MP,MP_D01,FY2023,FL,2023-03-31,173,87,73,1546.21,73
MP,MP_D02,FY2023,WC,2023-03-31,214,107,89,1767.82,92
MP,MP_D02,FY2023,RC,2023-03-31,185,135,42,3300.23,125
MP,MP_D02,FY2023,AG,2023-03-31,215,133,59,3710.56,108
MP,MP_D02,FY2023,LD,2023-03-31,114,55,46,1494.41,54
MP,MP_D02,FY2023,FL,2023-03-31,130,63,46,2290.07,54
MP,MP_D03,FY2023,WC,2023-03-31,304,148,132,6272.56,110
MP,MP_D03,FY2023,RC,2023-03-31,263,139,81,2857.22,119
MP,MP_D03,FY2023,AG,2023-03-31,251,184,43,3799.86,137
MP,MP_D03,FY2023,LD,2023-03-31,157,101,47,3149.15,71
MP,MP_D03,FY2023,FL,2023-03-31,159,94,48,1765.82,66
MP,MP_D04,FY2023,WC,2023-03-31,343,182,139,3078.71,149
MP,MP_D04,FY2023,RC,2023-03-31,280,151,114,4738.99,115
MP,MP_D04,FY2023,AG,2023-03-31,240,190,33,4683.62,188
MP,MP_D04,FY2023,LD,2023-03-31,135,71,52,2876.75,64
MP,MP_D04,FY2023,FL,2023-03-31,143,69,64,1282.34,52
MP,MP_D05,FY2023,WC,2023-03-31,277,173,64,2535.15,127
MP,MP_D05,FY2023,RC,2023-03-31,177,140,24,3595.45,130
MP,MP_D05,FY2023,AG,2023-03-31,229,155,55,3639.64,149
MP,MP_D05,FY2023,LD,2023-03-31,190,100,56,2301.34,73
MP,MP_D05,FY2023,FL,2023-03-31,181,105,49,3025.08,86
MP,MP_D01,FY2024,WC,2024-03-31,245,115,81,3892.18,106
MP,MP_D01,FY2024,RC,2024-03-31,317,207,87,3609.93,161
MP,MP_D01,FY2024,AG,2024-03-31,200,150,36,2270.98,146
MP,MP_D01,FY2024,LD,2024-03-31,159,75,64,2666.45,73
MP,MP_D01,FY2024,FL,2024-03-31,174,84,67,2449.5,68
MP,MP_D02,FY2024,WC,2024-03-31,231,134,71,2555.84,116
MP,MP_D02,FY2024,RC,2024-03-31,210,103,95,3703.9,90
MP,MP_D02,FY2024,AG,2024-03-31,189,98,58,1677.7,89
MP,MP_D02,FY2024,LD,2024-03-31,146,81,42,1407.48,68
MP,MP_D02,FY2024,FL,2024-03-31,167,133,23,2888.05,97
MP,MP_D03,FY2024,WC,2024-03-31,305,192,68,4502.35,162
MP,MP_D03,FY2024,RC,2024-03-31,233,151,50,4618.58,129
MP,MP_D03,FY2024,AG,2024-03-31,151,119,22,3293.94,89
MP,MP_D03,FY2024,LD,2024-03-31,121,84,32,1099.44,77
MP,MP_D03,FY2024,FL,2024-03-31,109,79,23,2065.06,64
MP,MP_D04,FY2024,WC,2024-03-31,367,204,111,7871.74,150
MP,MP_D04,FY2024,RC,2024-03-31,267,173,63,3321.24,135
MP,MP_D04,FY2024,AG,2024-03-31,254,148,75,4296.18,125
MP,MP_D04,FY2024,LD,2024-03-31,161,112,35,1788.74,103
MP,MP_D04,FY2024,FL,2024-03-31,109,87,17,1202.08,66
MP,MP_D05,FY2024,WC,2024-03-31,255,193,52,2555.97,169
MP,MP_D05,FY2024,RC,2024-03-31,315,222,72,3440.06,218
MP,MP_D05,FY2024,AG,2024-03-31,260,146,85,2377.9,129
MP,MP_D05,FY2024,LD,2024-03-31,123,94,25,1468.66,86
MP,MP_D05,FY2024,FL,2024-03-31,142,105,22,2141.35,86
AP,AP_D01,FY2020,WC,2020-03-31,191,123,56,2945.2,120
AP,AP_D01,FY2020,RC,2020-03-31,166,112,32,1882.15,105
AP,AP_D01,FY2020,AG,2020-03-31,151,117,28,2158.59,109
AP,AP_D01,FY2020,LD,2020-03-31,112,63,30,2253.3,52
AP,AP_D01,FY2020,FL,2020-03-31,111,55,47,2168.81,46
AP,AP_D02,FY2020,WC,2020-03-31,222,140,62,4538.4,138
AP,AP_D02,FY2020,RC,2020-03-31,159,90,47,2987.71,82
AP,AP_D02,FY2020,AG,2020-03-31,104,50,42,1232.34,36
AP,AP_D02,FY2020,LD,2020-03-31,109,82,19,1933.53,79
AP,AP_D02,FY2020,FL,2020-03-31,80,53,23,856.62,52
AP,AP_D03,FY2020,WC,2020-03-31,185,97,74,2691.88,87
AP,AP_D03,FY2020,RC,2020-03-31,171,115,34,2206.33,103
AP,AP_D03,FY2020,AG,2020-03-31,131,94,32,1116.61,89
AP,AP_D03,FY2020,LD,2020-03-31,92,70,19,1469.1,59
AP,AP_D03,FY2020,FL,2020-03-31,116,89,18,1549.08,73
AP,AP_D04,FY2020,WC,2020-03-31,243,120,96,3137.9,115
AP,AP_D04,FY2020,RC,2020-03-31,156,123,19,1771.19,102
AP,AP_D04,FY2020,AG,2020-03-31,122,86,30,2167.34,85
AP,AP_D04,FY2020,LD,2020-03-31,112,88,15,2222.44,62
AP,AP_D04,FY2020,FL,2020-03-31,102,63,33,1816.65,52
AP,AP_D05,FY2020,WC,2020-03-31,249,189,36,5028.37,162
AP,AP_D05,FY2020,RC,2020-03-31,207,106,65,3748.94,82
AP,AP_D05,FY2020,AG,2020-03-31,149,102,36,2650.04,90
AP,AP_D05,FY2020,LD,2020-03-31,106,51,47,2103.48,35
AP,AP_D05,FY2020,FL,2020-03-31,121,60,42,1668.21,54
AP,AP_D01,FY2021,WC,2021-03-31,129,95,30,2752.57,69
AP,AP_D01,FY2021,RC,2021-03-31,183,118,53,3848.19,105
AP,AP_D01,FY2021,AG,2021-03-31,119,75,35,2525.87,72
AP,AP_D01,FY2021,LD,2021-03-31,102,53,34,1332.66,41
AP,AP_D01,FY2021,FL,2021-03-31,98,72,18,1944.88,66
AP,AP_D02,FY2021,WC,2021-03-31,165,114,42,2615.98,94
AP,AP_D02,FY2021,RC,2021-03-31,111,50,53,1303.67,44
AP,AP_D02,FY2021,AG,2021-03-31,154,113,26,2960.92,103
AP,AP_D02,FY2021,LD,2021-03-31,87,60,22,1050.95,57
AP,AP_D02,FY2021,FL,2021-03-31,64,40,16,1164.3,30
AP,AP_D03,FY2021,WC,2021-03-31,155,76,66,1527.04,69
AP,AP_D03,FY2021,RC,2021-03-31,165,82,63,2467.79,72
AP,AP_D03,FY2021,AG,2021-03-31,154,73,68,3090.7,53
AP,AP_D03,FY2021,LD,2021-03-31,107,74,25,1609.39,58
AP,AP_D03,FY2021,FL,2021-03-31,95,52,31,1900.3,37
AP,AP_D04,FY2021,WC,2021-03-31,174,107,47,2847.58,75
AP,AP_D04,FY2021,RC,2021-03-31,146,90,42,1602.23,68
AP,AP_D04,FY2021,AG,2021-03-31,133,64,47,2610.98,46
AP,AP_D04,FY2021,LD,2021-03-31,96,65,19,1187.95,56
AP,AP_D04,FY2021,FL,2021-03-31,76,37,26,724.42,36
AP,AP_D05,FY2021,WC,2021-03-31,144,91,38,2300.14,77
AP,AP_D05,FY2021,RC,2021-03-31,166,125,28,1754.7,124
AP,AP_D05,FY2021,AG,2021-03-31,149,86,54,2590.76,71
AP,AP_D05,FY2021,LD,2021-03-31,119,81,32,1647.99,76
AP,AP_D05,FY2021,FL,2021-03-31,78,55,16,1066.47,51
AP,AP_D01,FY2022,WC,2022-03-31,171,132,29,2890.76,108
AP,AP_D01,FY2022,RC,2022-03-31,206,143,54,4112.03,115
AP,AP_D01,FY2022,AG,2022-03-31,169,122,38,3459.94,115
AP,AP_D01,FY2022,LD,2022-03-31,143,101,35,2821.45,81
AP,AP_D01,FY2022,FL,2022-03-31,129,100,19,1119.11,72
AP,AP_D02,FY2022,WC,2022-03-31,184,142,26,3397.83,136
AP,AP_D02,FY2022,RC,2022-03-31,233,138,71,2918.44,102
AP,AP_D02,FY2022,AG,2022-03-31,131,65,47,1360.41,53
AP,AP_D02,FY2022,LD,2022-03-31,153,103,39,2963.02,73
AP,AP_D02,FY2022,FL,2022-03-31,130,67,44,1600.64,49
AP,AP_D03,FY2022,WC,2022-03-31,178,139,30,2605.14,128
AP,AP_D03,FY2022,RC,2022-03-31,225,109,95,4737.05,95
AP,AP_D03,FY2022,AG,2022-03-31,169,127,33,3706.8,99
AP,AP_D03,FY2022,LD,2022-03-31,152,100,36,3095.15,99
AP,AP_D03,FY2022,FL,2022-03-31,81,62,12,880.68,44
AP,AP_D04,FY2022,WC,2022-03-31,277,198,48,4672.85,145
AP,AP_D04,FY2022,RC,2022-03-31,218,129,54,4275.35,112
AP,AP_D04,FY2022,AG,2022-03-31,184,126,42,3271.76,88
AP,AP_D04,FY2022,LD,2022-03-31,114,82,26,2328.31,72
AP,AP_D04,FY2022,FL,2022-03-31,140,90,37,1506.54,84
AP,AP_D05,FY2022,WC,2022-03-31,247,150,60,2410.68,110
AP,AP_D05,FY2022,RC,2022-03-31,175,88,74,3603.4,84
AP,AP_D05,FY2022,AG,2022-03-31,168,110,50,2299.64,79
AP,AP_D05,FY2022,LD,2022-03-31,124,79,34,1268.03,73
AP,AP_D05,FY2022,FL,2022-03-31,126,66,45,2402.14,46
AP,AP_D01,FY2023,WC,2023-03-31,205,126,67,3933.04,93
AP,AP_D01,FY2023,RC,2023-03-31,199,110,64,3098.18,93
AP,AP_D01,FY2023,AG,2023-03-31,133,65,43,2630.48,45
AP,AP_D01,FY2023,LD,2023-03-31,111,87,14,944.44,71
AP,AP_D01,FY2023,FL,2023-03-31,94,60,23,1027.0,59
AP,AP_D02,FY2023,WC,2023-03-31,215,144,61,4496.39,118
AP,AP_D02,FY2023,RC,2023-03-31,262,184,60,4638.95,148
AP,AP_D02,FY2023,AG,2023-03-31,162,106,39,3039.67,82
AP,AP_D02,FY2023,LD,2023-03-31,160,80,53,2966.93,62
AP,AP_D02,FY2023,FL,2023-03-31,140,101,26,1263.24,75
AP,AP_D03,FY2023,WC,2023-03-31,273,203,50,2811.64,146
AP,AP_D03,FY2023,RC,2023-03-31,169,133,23,1555.87,124
AP,AP_D03,FY2023,AG,2023-03-31,181,115,48,3226.47,104
AP,AP_D03,FY2023,LD,2023-03-31,129,68,51,1329.31,58
AP,AP_D03,FY2023,FL,2023-03-31,132,88,34,2280.31,84
AP,AP_D04,FY2023,WC,2023-03-31,218,145,59,3545.68,140
AP,AP_D04,FY2023,RC,2023-03-31,222,132,76,3297.58,113
AP,AP_D04,FY2023,AG,2023-03-31,178,100,63,1668.53,96
AP,AP_D04,FY2023,LD,2023-03-31,156,89,44,2095.17,83
AP,AP_D04,FY2023,FL,2023-03-31,85,52,22,1721.19,42
AP,AP_D05,FY2023,WC,2023-03-31,266,153,78,3341.55,138
AP,AP_D05,FY2023,RC,2023-03-31,260,135,99,3046.18,116
AP,AP_D05,FY2023,AG,2023-03-31,174,105,51,3536.24,76
AP,AP_D05,FY2023,LD,2023-03-31,162,99,44,1697.77,93
AP,AP_D05,FY2023,FL,2023-03-31,125,88,25,1687.68,85
AP,AP_D01,FY2024,WC,2024-03-31,314,222,75,5564.58,194
AP,AP_D01,FY2024,RC,2024-03-31,222,174,39,3812.8,131
AP,AP_D01,FY2024,AG,2024-03-31,225,142,73,4047.71,101
AP,AP_D01,FY2024,LD,2024-03-31,143,109,20,2879.19,96
AP,AP_D01,FY2024,FL,2024-03-31,89,51,23,714.14,49
AP,AP_D02,FY2024,WC,2024-03-31,282,155,80,2470.9,151
AP,AP_D02,FY2024,RC,2024-03-31,226,114,90,4968.49,106
AP,AP_D02,FY2024,AG,2024-03-31,170,124,37,1570.99,121
AP,AP_D02,FY2024,LD,2024-03-31,172,112,45,1924.4,106
AP,AP_D02,FY2024,FL,2024-03-31,117,76,26,1286.24,75
AP,AP_D03,FY2024,WC,2024-03-31,245,180,55,5326.58,179
AP,AP_D03,FY2024,RC,2024-03-31,205,160,31,3383.92,151
AP,AP_D03,FY2024,AG,2024-03-31,219,138,58,3985.64,115
AP,AP_D03,FY2024,LD,2024-03-31,155,113,35,1791.86,98
AP,AP_D03,FY2024,FL,2024-03-31,87,63,15,1757.71,51
AP,AP_D04,FY2024,WC,2024-03-31,196,142,35,2650.27,123
AP,AP_D04,FY2024,RC,2024-03-31,193,98,68,1933.75,89
AP,AP_D04,FY2024,AG,2024-03-31,141,87,41,2993.56,62
AP,AP_D04,FY2024,LD,2024-03-31,176,92,71,1630.98,91
AP,AP_D04,FY2024,FL,2024-03-31,145,68,51,2273.55,58
AP,AP_D05,FY2024,WC,2024-03-31,265,162,84,3412.88,121
AP,AP_D05,FY2024,RC,2024-03-31,151,85,48,2601.27,80
AP,AP_D05,FY2024,AG,2024-03-31,148,92,37,3154.81,82
AP,AP_D05,FY2024,LD,2024-03-31,155,98,39,1674.93,87
AP,AP_D05,FY2024,FL,2024-03-31,154,80,57,2373.22,71
TN,TN_D01,FY2020,WC,2020-03-31,99,75,19,926.44,57
TN,TN_D01,FY2020,RC,2020-03-31,89,70,12,1245.56,60
TN,TN_D01,FY2020,AG,2020-03-31,72,50,17,636.89,41
TN,TN_D01,FY2020,LD,2020-03-31,73,49,17,1329.93,44
TN,TN_D01,FY2020,FL,2020-03-31,66,30,27,1138.14,27
TN,TN_D02,FY2020,WC,2020-03-31,138,81,47,2622.62,63
TN,TN_D02,FY2020,RC,2020-03-31,81,63,12,1117.93,55
TN,TN_D02,FY2020,AG,2020-03-31,70,47,15,1076.78,40
TN,TN_D02,FY2020,LD,2020-03-31,74,55,15,871.73,46
TN,TN_D02,FY2020,FL,2020-03-31,57,31,22,542.68,29
TN,TN_D03,FY2020,WC,2020-03-31,105,81,18,1912.67,74
TN,TN_D03,FY2020,RC,2020-03-31,106,49,44,2175.9,46
TN,TN_D03,FY2020,AG,2020-03-31,98,59,28,1892.83,46
TN,TN_D03,FY2020,LD,2020-03-31,73,45,19,1241.84,35
TN,TN_D03,FY2020,FL,2020-03-31,60,38,17,983.21,35
TN,TN_D04,FY2020,WC,2020-03-31,143,87,43,1347.99,85
TN,TN_D04,FY2020,RC,2020-03-31,100,48,37,913.81,40
TN,TN_D04,FY2020,AG,2020-03-31,68,38,18,1269.81,36
TN,TN_D04,FY2020,LD,2020-03-31,49,34,9,450.68,24
TN,TN_D04,FY2020,FL,2020-03-31,39,22,15,802.99,17
TN,TN_D05,FY2020,WC,2020-03-31,130,96,21,1457.61,87
TN,TN_D05,FY2020,RC,2020-03-31,81,63,12,1554.23,58
TN,TN_D05,FY2020,AG,2020-03-31,79,42,22,1548.19,34
TN,TN_D05,FY2020,LD,2020-03-31,57,26,20,749.6,23
TN,TN_D05,FY2020,FL,2020-03-31,45,22,15,538.56,18
TN,TN_D01,FY2021,WC,2021-03-31,86,40,36,845.08,38
TN,TN_D01,FY2021,RC,2021-03-31,97,46,36,1423.6,45
TN,TN_D01,FY2021,AG,2021-03-31,57,38,14,1069.34,29
TN,TN_D01,FY2021,LD,2021-03-31,59,29,18,487.05,24
TN,TN_D01,FY2021,FL,2021-03-31,54,35,11,849.37,25
TN,TN_D02,FY2021,WC,2021-03-31,120,68,39,1529.08,57
TN,TN_D02,FY2021,RC,2021-03-31,102,55,38,1894.55,41
TN,TN_D02,FY2021,AG,2021-03-31,76,51,17,1164.14,44
TN,TN_D02,FY2021,LD,2021-03-31,64,31,29,1201.17,26
TN,TN_D02,FY2021,FL,2021-03-31,54,38,11,686.05,37
TN,TN_D03,FY2021,WC,2021-03-31,115,90,15,2232.51,87
TN,TN_D03,FY2021,RC,2021-03-31,79,60,11,698.88,47
TN,TN_D03,FY2021,AG,2021-03-31,48,33,13,582.28,29
TN,TN_D03,FY2021,LD,2021-03-31,52,28,21,1113.36,20
TN,TN_D03,FY2021,FL,2021-03-31,54,27,20,704.9,20
TN,TN_D04,FY2021,WC,2021-03-31,103,77,21,1865.53,55
TN,TN_D04,FY2021,RC,2021-03-31,61,37,18,1105.77,29
TN,TN_D04,FY2021,AG,2021-03-31,47,21,22,460.59,20
TN,TN_D04,FY2021,LD,2021-03-31,48,31,11,689.11,29
TN,TN_D04,FY2021,FL,2021-03-31,60,43,14,1223.66,33
TN,TN_D05,FY2021,WC,2021-03-31,107,69,25,939.1,52
TN,TN_D05,FY2021,RC,2021-03-31,87,56,19,1380.9,45
TN,TN_D05,FY2021,AG,2021-03-31,47,36,7,740.13,31
TN,TN_D05,FY2021,LD,2021-03-31,53,28,18,639.43,23
TN,TN_D05,FY2021,FL,2021-03-31,35,17,11,571.55,15
TN,TN_D01,FY2022,WC,2022-03-31,151,81,50,2523.82,80
TN,TN_D01,FY2022,RC,2022-03-31,97,53,31,1196.03,38
TN,TN_D01,FY2022,AG,2022-03-31,78,51,17,1534.36,46
TN,TN_D01,FY2022,LD,2022-03-31,71,50,14,766.93,47
TN,TN_D01,FY2022,FL,2022-03-31,72,50,14,922.41,40
TN,TN_D02,FY2022,WC,2022-03-31,98,70,18,1088.24,50
TN,TN_D02,FY2022,RC,2022-03-31,114,88,19,2344.88,83
TN,TN_D02,FY2022,AG,2022-03-31,102,51,36,1763.96,40
TN,TN_D02,FY2022,LD,2022-03-31,78,42,25,1422.81,30
TN,TN_D02,FY2022,FL,2022-03-31,71,49,16,1002.9,47
TN,TN_D03,FY2022,WC,2022-03-31,137,91,39,1732.03,71
TN,TN_D03,FY2022,RC,2022-03-31,86,54,28,1805.86,45
TN,TN_D03,FY2022,AG,2022-03-31,66,49,14,686.34,47
TN,TN_D03,FY2022,LD,2022-03-31,67,30,32,576.15,21
TN,TN_D03,FY2022,FL,2022-03-31,77,40,28,1632.23,39
TN,TN_D04,FY2022,WC,2022-03-31,97,61,21,898.74,60
TN,TN_D04,FY2022,RC,2022-03-31,98,49,38,1021.81,48
TN,TN_D04,FY2022,AG,2022-03-31,95,55,28,1979.52,53
TN,TN_D04,FY2022,LD,2022-03-31,88,53,29,1301.32,47
TN,TN_D04,FY2022,FL,2022-03-31,61,40,15,620.24,29
TN,TN_D05,FY2022,WC,2022-03-31,153,96,50,2693.02,69
TN,TN_D05,FY2022,RC,2022-03-31,85,61,15,689.19,44
TN,TN_D05,FY2022,AG,2022-03-31,85,43,25,1564.88,42
TN,TN_D05,FY2022,LD,2022-03-31,89,68,12,1011.17,50
TN,TN_D05,FY2022,FL,2022-03-31,65,48,13,835.47,46
TN,TN_D01,FY2023,WC,2023-03-31,130,66,48,1073.0,46
TN,TN_D01,FY2023,RC,2023-03-31,120,84,23,1856.14,78
TN,TN_D01,FY2023,AG,2023-03-31,114,70,28,1022.43,66
TN,TN_D01,FY2023,LD,2023-03-31,55,40,10,776.06,34
TN,TN_D01,FY2023,FL,2023-03-31,50,35,10,818.45,24
TN,TN_D02,FY2023,WC,2023-03-31,113,52,42,1103.63,37
TN,TN_D02,FY2023,RC,2023-03-31,135,77,49,2767.13,65
TN,TN_D02,FY2023,AG,2023-03-31,97,65,25,1495.98,57
TN,TN_D02,FY2023,LD,2023-03-31,71,54,13,881.03,43
TN,TN_D02,FY2023,FL,2023-03-31,63,29,30,916.64,27
TN,TN_D03,FY2023,WC,2023-03-31,103,68,25,2107.27,66
TN,TN_D03,FY2023,RC,2023-03-31,120,56,47,988.44,47
TN,TN_D03,FY2023,AG,2023-03-31,93,55,26,1497.81,41
TN,TN_D03,FY2023,LD,2023-03-31,53,38,12,853.92,36
TN,TN_D03,FY2023,FL,2023-03-31,65,29,23,938.21,27
TN,TN_D04,FY2023,WC,2023-03-31,109,50,42,973.82,43
TN,TN_D04,FY2023,RC,2023-03-31,82,37,39,1419.76,27
TN,TN_D04,FY2023,AG,2023-03-31,96,51,37,1862.28,43
TN,TN_D04,FY2023,LD,2023-03-31,70,39,18,1109.51,33
TN,TN_D04,FY2023,FL,2023-03-31,54,34,14,629.07,31
TN,TN_D05,FY2023,WC,2023-03-31,110,66,33,2129.48,54
TN,TN_D05,FY2023,RC,2023-03-31,92,41,34,1702.68,38
TN,TN_D05,FY2023,AG,2023-03-31,98,76,16,1441.63,72
TN,TN_D05,FY2023,LD,2023-03-31,59,26,28,913.18,24
TN,TN_D05,FY2023,FL,2023-03-31,70,47,17,1270.7,34
TN,TN_D01,FY2024,WC,2024-03-31,114,70,35,1404.36,65
TN,TN_D01,FY2024,RC,2024-03-31,85,61,19,757.66,43
TN,TN_D01,FY2024,AG,2024-03-31,116,58,39,2383.58,46
TN,TN_D01,FY2024,LD,2024-03-31,78,35,33,1403.17,30
TN,TN_D01,FY2024,FL,2024-03-31,79,57,16,1345.49,44
TN,TN_D02,FY2024,WC,2024-03-31,123,82,32,1130.99,77
TN,TN_D02,FY2024,RC,2024-03-31,125,70,36,2055.4,63
TN,TN_D02,FY2024,AG,2024-03-31,121,62,44,2586.07,60
TN,TN_D02,FY2024,LD,2024-03-31,76,48,24,642.18,47
TN,TN_D02,FY2024,FL,2024-03-31,86,67,16,1054.1,47
TN,TN_D03,FY2024,WC,2024-03-31,117,66,35,2050.59,63
TN,TN_D03,FY2024,RC,2024-03-31,96,58,27,1795.63,46
TN,TN_D03,FY2024,AG,2024-03-31,70,39,21,1365.94,33
TN,TN_D03,FY2024,LD,2024-03-31,78,51,20,1368.36,49
TN,TN_D03,FY2024,FL,2024-03-31,82,51,26,1646.76,47
TN,TN_D04,FY2024,WC,2024-03-31,97,66,21,1961.91,51
TN,TN_D04,FY2024,RC,2024-03-31,144,95,38,2941.68,94
TN,TN_D04,FY2024,AG,2024-03-31,85,40,36,763.51,34
TN,TN_D04,FY2024,LD,2024-03-31,69,40,19,1227.56,34
TN,TN_D04,FY2024,FL,2024-03-31,85,48,26,876.36,42
TN,TN_D05,FY2024,WC,2024-03-31,102,80,19,1815.16,63
TN,TN_D05,FY2024,RC,2024-03-31,105,50,37,1358.94,41
TN,TN_D05,FY2024,AG,2024-03-31,94,71,16,2011.97,51
TN,TN_D05,FY2024,LD,2024-03-31,63,36,23,611.79,29
TN,TN_D05,FY2024,FL,2024-03-31,51,36,10,718.15,34
BR,BR_D01,FY2020,WC,2020-03-31,312,183,90,3329.23,153
BR,BR_D01,FY2020,RC,2020-03-31,272,169,75,2205.04,132
BR,BR_D01,FY2020,AG,2020-03-31,147,68,57,1455.08,57
BR,BR_D01,FY2020,LD,2020-03-31,136,71,54,2852.65,52
BR,BR_D01,FY2020,FL,2020-03-31,93,53,31,1566.85,47
BR,BR_D02,FY2020,WC,2020-03-31,257,150,89,5485.67,131
BR,BR_D02,FY2020,RC,2020-03-31,175,113,51,3432.73,103
BR,BR_D02,FY2020,AG,2020-03-31,217,169,35,3379.46,135
BR,BR_D02,FY2020,LD,2020-03-31,154,101,34,2729.03,95
BR,BR_D02,FY2020,FL,2020-03-31,99,50,38,953.02,47
BR,BR_D03,FY2020,WC,2020-03-31,267,123,119,4042.0,104
BR,BR_D03,FY2020,RC,2020-03-31,187,102,63,1504.24,95
BR,BR_D03,FY2020,AG,2020-03-31,205,145,46,2488.31,130
BR,BR_D03,FY2020,LD,2020-03-31,109,59,30,2183.56,55
BR,BR_D03,FY2020,FL,2020-03-31,119,71,42,2076.8,64
BR,BR_D04,FY2020,WC,2020-03-31,225,124,64,2028.44,120
BR,BR_D04,FY2020,RC,2020-03-31,262,138,75,3366.77,136
BR,BR_D04,FY2020,AG,2020-03-31,155,116,32,3289.38,98
BR,BR_D04,FY2020,LD,2020-03-31,176,124,44,3214.97,103
BR,BR_D04,FY2020,FL,2020-03-31,154,112,33,2273.42,81
BR,BR_D05,FY2020,WC,2020-03-31,293,174,84,3290.1,150
BR,BR_D05,FY2020,RC,2020-03-31,253,139,99,3429.98,137
BR,BR_D05,FY2020,AG,2020-03-31,194,112,73,3166.15,104
BR,BR_D05,FY2020,LD,2020-03-31,136,66,62,1700.57,64
BR,BR_D05,FY2020,FL,2020-03-31,153,73,50,2535.01,51
BR,BR_D01,FY2021,WC,2021-03-31,199,126,48,3737.7,104
BR,BR_D01,FY2021,RC,2021-03-31,171,90,70,1394.86,63
BR,BR_D01,FY2021,AG,2021-03-31,194,88,68,3950.02,77
BR,BR_D01,FY2021,LD,2021-03-31,128,78,32,1681.88,71
BR,BR_D01,FY2021,FL,2021-03-31,103,72,18,1769.61,63
BR,BR_D02,FY2021,WC,2021-03-31,269,206,49,4321.97,149
BR,BR_D02,FY2021,RC,2021-03-31,227,158,51,4540.97,145
BR,BR_D02,FY2021,AG,2021-03-31,155,98,50,2974.05,80
BR,BR_D02,FY2021,LD,2021-03-31,128,66,54,2269.89,65
BR,BR_D02,FY2021,FL,2021-03-31,91,50,34,1061.57,40
BR,BR_D03,FY2021,WC,2021-03-31,257,162,65,3528.76,147
BR,BR_D03,FY2021,RC,2021-03-31,142,111,23,2656.66,101
BR,BR_D03,FY2021,AG,2021-03-31,165,98,41,3032.74,96
BR,BR_D03,FY2021,LD,2021-03-31,120,94,19,1241.18,72
BR,BR_D03,FY2021,FL,2021-03-31,127,84,31,2437.31,74
BR,BR_D04,FY2021,WC,2021-03-31,256,202,42,5527.07,169
BR,BR_D04,FY2021,RC,2021-03-31,216,165,31,4344.04,135
BR,BR_D04,FY2021,AG,2021-03-31,140,101,26,1181.8,78
BR,BR_D04,FY2021,LD,2021-03-31,130,101,20,2491.53,76
BR,BR_D04,FY2021,FL,2021-03-31,126,90,26,2586.54,64
BR,BR_D05,FY2021,WC,2021-03-31,245,113,113,2566.35,80
BR,BR_D05,FY2021,RC,2021-03-31,158,80,62,2308.87,59
BR,BR_D05,FY2021,AG,2021-03-31,186,107,54,3305.74,87
BR,BR_D05,FY2021,LD,2021-03-31,94,61,20,1577.36,58
BR,BR_D05,FY2021,FL,2021-03-31,89,66,15,964.27,60
BR,BR_D01,FY2022,WC,2022-03-31,200,92,79,1695.46,78
BR,BR_D01,FY2022,RC,2022-03-31,253,134,103,2733.39,103
BR,BR_D01,FY2022,AG,2022-03-31,241,166,56,3041.94,154
BR,BR_D01,FY2022,LD,2022-03-31,163,92,60,3117.24,90
BR,BR_D01,FY2022,FL,2022-03-31,175,79,66,1871.99,60
BR,BR_D02,FY2022,WC,2022-03-31,330,261,60,5857.7,226
BR,BR_D02,FY2022,RC,2022-03-31,251,188,37,3512.89,160
BR,BR_D02,FY2022,AG,2022-03-31,242,123,97,5066.56,114
BR,BR_D02,FY2022,LD,2022-03-31,109,74,23,1795.42,64
BR,BR_D02,FY2022,FL,2022-03-31,172,88,51,2847.95,70
BR,BR_D03,FY2022,WC,2022-03-31,311,248,45,3149.15,214
BR,BR_D03,FY2022,RC,2022-03-31,210,152,44,4350.07,144
BR,BR_D03,FY2022,AG,2022-03-31,241,133,94,4851.33,118
BR,BR_D03,FY2022,LD,2022-03-31,193,90,86,1937.17,72
BR,BR_D03,FY2022,FL,2022-03-31,154,80,49,1689.17,66
BR,BR_D04,FY2022,WC,2022-03-31,202,153,40,3068.21,110
BR,BR_D04,FY2022,RC,2022-03-31,179,86,56,3103.73,73
BR,BR_D04,FY2022,AG,2022-03-31,179,102,56,2622.25,75
BR,BR_D04,FY2022,LD,2022-03-31,157,73,74,2825.85,51
BR,BR_D04,FY2022,FL,2022-03-31,118,93,15,1186.39,78
BR,BR_D05,FY2022,WC,2022-03-31,247,196,38,5230.66,159
BR,BR_D05,FY2022,RC,2022-03-31,200,110,71,3291.24,95
BR,BR_D05,FY2022,AG,2022-03-31,157,85,49,3159.98,80
BR,BR_D05,FY2022,LD,2022-03-31,127,63,40,1136.26,62
BR,BR_D05,FY2022,FL,2022-03-31,160,72,52,2825.42,57
BR,BR_D01,FY2023,WC,2023-03-31,220,134,52,3068.63,103
BR,BR_D01,FY2023,RC,2023-03-31,214,117,67,1772.05,101
BR,BR_D01,FY2023,AG,2023-03-31,213,144,44,4670.55,106
BR,BR_D01,FY2023,LD,2023-03-31,197,103,68,2470.15,81
BR,BR_D01,FY2023,FL,2023-03-31,144,76,51,1657.38,75
BR,BR_D02,FY2023,WC,2023-03-31,245,175,51,2090.06,130
BR,BR_D02,FY2023,RC,2023-03-31,313,230,53,2727.71,171
BR,BR_D02,FY2023,AG,2023-03-31,218,146,51,2601.27,111
BR,BR_D02,FY2023,LD,2023-03-31,160,73,52,3067.0,62
BR,BR_D02,FY2023,FL,2023-03-31,169,82,73,3535.2,70
BR,BR_D03,FY2023,WC,2023-03-31,221,108,74,2341.19,106
BR,BR_D03,FY2023,RC,2023-03-31,294,165,109,5530.11,133
BR,BR_D03,FY2023,AG,2023-03-31,149,67,57,1286.69,49
BR,BR_D03,FY2023,LD,2023-03-31,141,72,44,1645.47,66
BR,BR_D03,FY2023,FL,2023-03-31,140,95,39,1122.65,93
BR,BR_D04,FY2023,WC,2023-03-31,252,138,89,3289.1,99
BR,BR_D04,FY2023,RC,2023-03-31,280,143,120,6112.43,107
BR,BR_D04,FY2023,AG,2023-03-31,239,190,43,3802.21,150
BR,BR_D04,FY2023,LD,2023-03-31,117,89,17,1880.18,67
BR,BR_D04,FY2023,FL,2023-03-31,122,55,40,1574.15,52
BR,BR_D05,FY2023,WC,2023-03-31,302,192,86,4679.39,151
BR,BR_D05,FY2023,RC,2023-03-31,306,188,97,6355.2,131
BR,BR_D05,FY2023,AG,2023-03-31,204,134,52,4209.3,131
BR,BR_D05,FY2023,LD,2023-03-31,129,71,39,1929.16,57
BR,BR_D05,FY2023,FL,2023-03-31,133,84,36,1930.53,61
BR,BR_D01,FY2024,WC,2024-03-31,307,144,127,5135.54,112
BR,BR_D01,FY2024,RC,2024-03-31,201,146,45,4270.06,121
BR,BR_D01,FY2024,AG,2024-03-31,190,105,55,2450.29,77
BR,BR_D01,FY2024,LD,2024-03-31,210,119,69,1875.76,93
BR,BR_D01,FY2024,FL,2024-03-31,125,95,19,2392.17,74
BR,BR_D02,FY2024,WC,2024-03-31,248,112,93,2228.04,90
BR,BR_D02,FY2024,RC,2024-03-31,188,88,70,2683.14,70
BR,BR_D02,FY2024,AG,2024-03-31,153,78,66,2448.65,74
BR,BR_D02,FY2024,LD,2024-03-31,125,56,57,1672.84,45
BR,BR_D02,FY2024,FL,2024-03-31,126,63,53,1116.32,53
BR,BR_D03,FY2024,WC,2024-03-31,275,150,103,5583.97,113
BR,BR_D03,FY2024,RC,2024-03-31,192,111,59,1678.82,93
BR,BR_D03,FY2024,AG,2024-03-31,272,159,98,5407.38,132
BR,BR_D03,FY2024,LD,2024-03-31,193,100,59,1549.72,72
BR,BR_D03,FY2024,FL,2024-03-31,161,122,34,2375.49,90
BR,BR_D04,FY2024,WC,2024-03-31,210,166,37,3219.59,128
BR,BR_D04,FY2024,RC,2024-03-31,260,193,51,5703.66,141
BR,BR_D04,FY2024,AG,2024-03-31,276,180,73,3595.75,128
BR,BR_D04,FY2024,LD,2024-03-31,198,108,63,3063.43,77
BR,BR_D04,FY2024,FL,2024-03-31,106,51,45,1130.76,43
BR,BR_D05,FY2024,WC,2024-03-31,243,133,67,3190.71,98
BR,BR_D05,FY2024,RC,2024-03-31,266,197,59,5603.86,145
BR,BR_D05,FY2024,AG,2024-03-31,216,105,76,2427.53,73
BR,BR_D05,FY2024,LD,2024-03-31,216,156,45,2770.9,128
BR,BR_D05,FY2024,FL,2024-03-31,123,97,17,1112.64,84
JH,JH_D01,FY2020,WC,2020-03-31,128,93,24,2178.59,76
JH,JH_D01,FY2020,RC,2020-03-31,94,50,39,1002.75,36
JH,JH_D01,FY2020,AG,2020-03-31,92,69,15,1273.59,54
JH,JH_D01,FY2020,LD,2020-03-31,109,87,16,2069.64,66
JH,JH_D01,FY2020,FL,2020-03-31,68,46,15,757.91,44
JH,JH_D02,FY2020,WC,2020-03-31,125,58,55,1425.72,48
JH,JH_D02,FY2020,RC,2020-03-31,97,45,38,1233.77,38
JH,JH_D02,FY2020,AG,2020-03-31,135,79,43,1264.46,76
JH,JH_D02,FY2020,LD,2020-03-31,100,63,24,1396.33,49
JH,JH_D02,FY2020,FL,2020-03-31,96,59,26,995.21,45
JH,JH_D03,FY2020,WC,2020-03-31,167,106,43,2030.42,80
JH,JH_D03,FY2020,RC,2020-03-31,91,72,15,1910.11,59
JH,JH_D03,FY2020,AG,2020-03-31,129,69,45,1397.68,64
JH,JH_D03,FY2020,LD,2020-03-31,84,53,26,1541.32,52
JH,JH_D03,FY2020,FL,2020-03-31,69,42,21,989.9,34
JH,JH_D04,FY2020,WC,2020-03-31,134,99,26,2211.49,75
JH,JH_D04,FY2020,RC,2020-03-31,108,61,34,930.42,58
JH,JH_D04,FY2020,AG,2020-03-31,131,89,29,1754.67,81
JH,JH_D04,FY2020,LD,2020-03-31,73,48,21,1003.48,42
JH,JH_D04,FY2020,FL,2020-03-31,93,52,33,1727.17,50
JH,JH_D05,FY2020,WC,2020-03-31,180,128,41,2047.79,115
JH,JH_D05,FY2020,RC,2020-03-31,110,66,35,1919.34,54
JH,JH_D05,FY2020,AG,2020-03-31,85,52,22,983.97,41
JH,JH_D05,FY2020,LD,2020-03-31,95,59,25,1957.79,53
JH,JH_D05,FY2020,FL,2020-03-31,73,43,25,760.73,38
JH,JH_D01,FY2021,WC,2021-03-31,89,40,43,1352.43,31
JH,JH_D01,FY2021,RC,2021-03-31,127,100,16,1083.49,95
JH,JH_D01,FY2021,AG,2021-03-31,93,70,18,1356.7,52
JH,JH_D01,FY2021,LD,2021-03-31,67,48,12,1204.2,37
JH,JH_D01,FY2021,FL,2021-03-31,61,29,23,1011.25,25
JH,JH_D02,FY2021,WC,2021-03-31,119,68,34,2230.0,63
JH,JH_D02,FY2021,RC,2021-03-31,107,62,35,1691.48,55
JH,JH_D02,FY2021,AG,2021-03-31,79,57,15,1095.11,42
JH,JH_D02,FY2021,LD,2021-03-31,87,58,19,1733.39,52
JH,JH_D02,FY2021,FL,2021-03-31,60,47,9,563.62,43
JH,JH_D03,FY2021,WC,2021-03-31,145,68,65,2735.16,66
JH,JH_D03,FY2021,RC,2021-03-31,83,54,19,1128.15,42
JH,JH_D03,FY2021,AG,2021-03-31,87,42,31,782.38,35
JH,JH_D03,FY2021,LD,2021-03-31,63,41,16,719.08,29
JH,JH_D03,FY2021,FL,2021-03-31,72,48,14,1573.28,42
JH,JH_D04,FY2021,WC,2021-03-31,103,76,23,1651.25,73
JH,JH_D04,FY2021,RC,2021-03-31,77,60,10,1308.5,48
JH,JH_D04,FY2021,AG,2021-03-31,65,50,9,1296.91,39
JH,JH_D04,FY2021,LD,2021-03-31,82,44,29,1573.89,38
JH,JH_D04,FY2021,FL,2021-03-31,55,29,16,1085.89,25
JH,JH_D05,FY2021,WC,2021-03-31,126,67,43,2101.79,48
JH,JH_D05,FY2021,RC,2021-03-31,99,52,37,1632.29,41
JH,JH_D05,FY2021,AG,2021-03-31,65,33,20,1037.24,24
JH,JH_D05,FY2021,LD,2021-03-31,71,47,20,811.56,35
JH,JH_D05,FY2021,FL,2021-03-31,50,28,17,870.3,21
JH,JH_D01,FY2022,WC,2022-03-31,127,77,32,2461.37,55
JH,JH_D01,FY2022,RC,2022-03-31,161,74,73,2701.6,58
JH,JH_D01,FY2022,AG,2022-03-31,109,74,22,2230.63,62
JH,JH_D01,FY2022,LD,2022-03-31,107,67,29,1559.48,54
JH,JH_D01,FY2022,FL,2022-03-31,93,69,20,901.73,64
JH,JH_D02,FY2022,WC,2022-03-31,133,60,49,1609.32,56
JH,JH_D02,FY2022,RC,2022-03-31,160,76,58,1842.91,66
JH,JH_D02,FY2022,AG,2022-03-31,119,81,33,1653.51,72
JH,JH_D02,FY2022,LD,2022-03-31,116,74,29,1582.31,68
JH,JH_D02,FY2022,FL,2022-03-31,92,65,22,1921.55,60
JH,JH_D03,FY2022,WC,2022-03-31,198,128,55,4266.52,123
JH,JH_D03,FY2022,RC,2022-03-31,163,112,36,2554.82,80
JH,JH_D03,FY2022,AG,2022-03-31,110,53,46,2254.17,39
JH,JH_D03,FY2022,LD,2022-03-31,79,59,15,1282.67,51
JH,JH_D03,FY2022,FL,2022-03-31,67,35,28,1214.62,25
JH,JH_D04,FY2022,WC,2022-03-31,136,91,30,1567.3,69
JH,JH_D04,FY2022,RC,2022-03-31,113,75,33,1475.31,55
JH,JH_D04,FY2022,AG,2022-03-31,90,69,15,1307.52,66
JH,JH_D04,FY2022,LD,2022-03-31,93,57,31,1361.75,46
JH,JH_D04,FY2022,FL,2022-03-31,85,67,16,1602.97,56
JH,JH_D05,FY2022,WC,2022-03-31,200,119,64,2102.4,106
JH,JH_D05,FY2022,RC,2022-03-31,121,87,24,1642.91,80
JH,JH_D05,FY2022,AG,2022-03-31,111,77,29,1100.71,64
JH,JH_D05,FY2022,LD,2022-03-31,118,86,28,2365.23,68
JH,JH_D05,FY2022,FL,2022-03-31,65,34,20,588.92,33
JH,JH_D01,FY2023,WC,2023-03-31,175,84,75,2197.82,60
JH,JH_D01,FY2023,RC,2023-03-31,122,82,33,1409.28,71
JH,JH_D01,FY2023,AG,2023-03-31,87,47,26,789.23,39
JH,JH_D01,FY2023,LD,2023-03-31,107,49,37,2252.57,37
JH,JH_D01,FY2023,FL,2023-03-31,101,71,20,1096.62,54
JH,JH_D02,FY2023,WC,2023-03-31,182,106,56,3523.99,90
JH,JH_D02,FY2023,RC,2023-03-31,194,132,41,2908.69,124
JH,JH_D02,FY2023,AG,2023-03-31,103,72,18,2183.28,64
JH,JH_D02,FY2023,LD,2023-03-31,79,59,12,1080.96,54
JH,JH_D02,FY2023,FL,2023-03-31,110,62,40,1183.0,44
JH,JH_D03,FY2023,WC,2023-03-31,125,85,25,1088.07,84
JH,JH_D03,FY2023,RC,2023-03-31,126,77,38,1262.82,62
JH,JH_D03,FY2023,AG,2023-03-31,136,91,38,1920.85,87
JH,JH_D03,FY2023,LD,2023-03-31,111,71,25,1781.09,62
JH,JH_D03,FY2023,FL,2023-03-31,101,70,23,1646.26,65
JH,JH_D04,FY2023,WC,2023-03-31,159,79,68,3420.13,65
JH,JH_D04,FY2023,RC,2023-03-31,194,109,52,3106.8,104
JH,JH_D04,FY2023,AG,2023-03-31,133,60,44,2412.74,57
JH,JH_D04,FY2023,LD,2023-03-31,85,52,29,1228.08,38
JH,JH_D04,FY2023,FL,2023-03-31,109,67,29,1020.68,56
JH,JH_D05,FY2023,WC,2023-03-31,203,142,45,3668.92,114
JH,JH_D05,FY2023,RC,2023-03-31,171,82,58,3469.27,64
JH,JH_D05,FY2023,AG,2023-03-31,103,49,38,920.59,41
JH,JH_D05,FY2023,LD,2023-03-31,125,90,21,1524.58,68
JH,JH_D05,FY2023,FL,2023-03-31,64,31,28,789.83,25
JH,JH_D01,FY2024,WC,2024-03-31,179,127,43,3847.11,96
JH,JH_D01,FY2024,RC,2024-03-31,136,76,44,2625.3,58
JH,JH_D01,FY2024,AG,2024-03-31,151,78,59,2897.09,74
JH,JH_D01,FY2024,LD,2024-03-31,104,58,38,1299.25,43
JH,JH_D01,FY2024,FL,2024-03-31,108,64,33,2252.69,47
JH,JH_D02,FY2024,WC,2024-03-31,187,120,57,2389.42,98
JH,JH_D02,FY2024,RC,2024-03-31,156,79,57,2200.4,59
JH,JH_D02,FY2024,AG,2024-03-31,155,93,42,1522.91,67
JH,JH_D02,FY2024,LD,2024-03-31,132,105,23,1903.55,98
JH,JH_D02,FY2024,FL,2024-03-31,108,59,38,2310.71,46
JH,JH_D03,FY2024,WC,2024-03-31,198,135,46,2943.19,112
JH,JH_D03,FY2024,RC,2024-03-31,157,78,66,2709.04,77
JH,JH_D03,FY2024,AG,2024-03-31,109,54,38,1649.87,41
JH,JH_D03,FY2024,LD,2024-03-31,101,68,20,1879.85,66
JH,JH_D03,FY2024,FL,2024-03-31,77,55,15,1332.26,50
JH,JH_D04,FY2024,WC,2024-03-31,158,114,27,3446.64,91
JH,JH_D04,FY2024,RC,2024-03-31,129,64,54,2090.12,63
JH,JH_D04,FY2024,AG,2024-03-31,140,79,51,1671.22,62
JH,JH_D04,FY2024,LD,2024-03-31,74,39,23,900.23,31
JH,JH_D04,FY2024,FL,2024-03-31,94,49,35,927.44,47
JH,JH_D05,FY2024,WC,2024-03-31,129,99,22,2314.34,78
JH,JH_D05,FY2024,RC,2024-03-31,124,96,20,1826.17,95
JH,JH_D05,FY2024,AG,2024-03-31,116,56,46,1829.01,52
JH,JH_D05,FY2024,LD,2024-03-31,131,73,47,1844.88,68
JH,JH_D05,FY2024,FL,2024-03-31,72,45,16,1141.66,33
OD,OD_D01,FY2020,WC,2020-03-31,96,75,15,1677.52,53
OD,OD_D01,FY2020,RC,2020-03-31,91,44,39,1845.1,34
OD,OD_D01,FY2020,AG,2020-03-31,83,51,24,1141.56,42
OD,OD_D01,FY2020,LD,2020-03-31,67,52,11,1018.47,38
OD,OD_D01,FY2020,FL,2020-03-31,42,26,10,675.0,23
OD,OD_D02,FY2020,WC,2020-03-31,103,62,34,1284.75,52
OD,OD_D02,FY2020,RC,2020-03-31,70,46,17,772.77,36
OD,OD_D02,FY2020,AG,2020-03-31,59,45,10,1011.09,44
OD,OD_D02,FY2020,LD,2020-03-31,44,34,7,879.43,25
OD,OD_D02,FY2020,FL,2020-03-31,41,21,15,408.8,19
OD,OD_D03,FY2020,WC,2020-03-31,80,43,25,1475.95,42
OD,OD_D03,FY2020,RC,2020-03-31,101,49,35,1758.47,43
OD,OD_D03,FY2020,AG,2020-03-31,61,45,10,1033.73,35
OD,OD_D03,FY2020,LD,2020-03-31,55,32,20,814.75,31
OD,OD_D03,FY2020,FL,2020-03-31,40,28,9,794.68,25
OD,OD_D04,FY2020,WC,2020-03-31,105,71,30,1175.3,50
OD,OD_D04,FY2020,RC,2020-03-31,90,45,36,1122.8,32
OD,OD_D04,FY2020,AG,2020-03-31,79,36,28,1004.07,26
OD,OD_D04,FY2020,LD,2020-03-31,67,44,19,1175.76,43
OD,OD_D04,FY2020,FL,2020-03-31,48,22,16,779.43,17
OD,OD_D05,FY2020,WC,2020-03-31,73,38,25,1113.58,37
OD,OD_D05,FY2020,RC,2020-03-31,61,35,19,584.73,31
OD,OD_D05,FY2020,AG,2020-03-31,68,41,21,818.0,32
OD,OD_D05,FY2020,LD,2020-03-31,43,27,11,500.72,19
OD,OD_D05,FY2020,FL,2020-03-31,33,17,10,488.27,13
OD,OD_D01,FY2021,WC,2021-03-31,96,59,29,1047.47,48
OD,OD_D01,FY2021,RC,2021-03-31,73,40,23,1409.19,38
OD,OD_D01,FY2021,AG,2021-03-31,58,44,11,508.9,38
OD,OD_D01,FY2021,LD,2021-03-31,51,32,16,622.8,23
OD,OD_D01,FY2021,FL,2021-03-31,43,30,10,350.66,27
OD,OD_D02,FY2021,WC,2021-03-31,57,41,12,908.8,34
OD,OD_D02,FY2021,RC,2021-03-31,78,36,35,843.74,30
OD,OD_D02,FY2021,AG,2021-03-31,57,41,10,695.2,36
OD,OD_D02,FY2021,LD,2021-03-31,43,23,15,396.12,21
OD,OD_D02,FY2021,FL,2021-03-31,41,21,14,403.24,18
OD,OD_D03,FY2021,WC,2021-03-31,89,52,25,1770.83,45
OD,OD_D03,FY2021,RC,2021-03-31,76,37,31,1081.07,29
OD,OD_D03,FY2021,AG,2021-03-31,72,33,25,954.04,26
OD,OD_D03,FY2021,LD,2021-03-31,46,27,15,862.59,25
OD,OD_D03,FY2021,FL,2021-03-31,37,21,13,360.33,20
OD,OD_D04,FY2021,WC,2021-03-31,82,61,17,1085.79,44
OD,OD_D04,FY2021,RC,2021-03-31,86,49,26,1782.49,47
OD,OD_D04,FY2021,AG,2021-03-31,49,23,15,692.67,20
OD,OD_D04,FY2021,LD,2021-03-31,39,21,12,455.64,20
OD,OD_D04,FY2021,FL,2021-03-31,43,31,10,605.88,26
OD,OD_D05,FY2021,WC,2021-03-31,104,76,23,1681.89,63
OD,OD_D05,FY2021,RC,2021-03-31,85,62,17,1001.88,46
OD,OD_D05,FY2021,AG,2021-03-31,59,32,18,559.38,22
OD,OD_D05,FY2021,LD,2021-03-31,54,26,24,593.62,24
OD,OD_D05,FY2021,FL,2021-03-31,48,34,12,612.29,33
OD,OD_D01,FY2022,WC,2022-03-31,90,69,15,791.73,64
OD,OD_D01,FY2022,RC,2022-03-31,105,54,43,1071.64,40
OD,OD_D01,FY2022,AG,2022-03-31,88,48,24,1882.22,41
OD,OD_D01,FY2022,LD,2022-03-31,57,35,17,1143.61,31
OD,OD_D01,FY2022,FL,2022-03-31,59,30,20,955.05,26
OD,OD_D02,FY2022,WC,2022-03-31,90,71,12,861.47,54
OD,OD_D02,FY2022,RC,2022-03-31,103,47,50,2248.31,35
OD,OD_D02,FY2022,AG,2022-03-31,70,36,24,1082.21,34
OD,OD_D02,FY2022,LD,2022-03-31,43,34,7,687.39,28
OD,OD_D02,FY2022,FL,2022-03-31,53,24,23,792.36,18
OD,OD_D03,FY2022,WC,2022-03-31,102,56,37,1693.41,45
OD,OD_D03,FY2022,RC,2022-03-31,79,59,16,1423.65,52
OD,OD_D03,FY2022,AG,2022-03-31,55,25,21,1156.48,21
OD,OD_D03,FY2022,LD,2022-03-31,73,35,31,834.74,30
OD,OD_D03,FY2022,FL,2022-03-31,45,31,10,651.17,23
OD,OD_D04,FY2022,WC,2022-03-31,90,46,33,902.7,35
OD,OD_D04,FY2022,RC,2022-03-31,91,49,32,746.04,48
OD,OD_D04,FY2022,AG,2022-03-31,85,53,28,1715.02,42
OD,OD_D04,FY2022,LD,2022-03-31,46,24,14,851.04,20
OD,OD_D04,FY2022,FL,2022-03-31,63,39,19,789.26,34
OD,OD_D05,FY2022,WC,2022-03-31,113,80,27,1341.43,65
OD,OD_D05,FY2022,RC,2022-03-31,73,51,14,983.62,47
OD,OD_D05,FY2022,AG,2022-03-31,67,36,24,1450.9,25
OD,OD_D05,FY2022,LD,2022-03-31,71,34,26,982.22,31
OD,OD_D05,FY2022,FL,2022-03-31,65,31,27,813.29,30
OD,OD_D01,FY2023,WC,2023-03-31,97,67,19,2076.89,46
OD,OD_D01,FY2023,RC,2023-03-31,80,54,22,1752.78,40
OD,OD_D01,FY2023,AG,2023-03-31,70,53,10,1278.66,43
OD,OD_D01,FY2023,LD,2023-03-31,71,44,21,1230.66,39
OD,OD_D01,FY2023,FL,2023-03-31,61,39,17,1150.72,36
OD,OD_D02,FY2023,WC,2023-03-31,136,76,49,2890.44,61
OD,OD_D02,FY2023,RC,2023-03-31,112,61,33,1596.0,57
OD,OD_D02,FY2023,AG,2023-03-31,70,38,21,773.76,33
OD,OD_D02,FY2023,LD,2023-03-31,54,41,9,842.05,33
OD,OD_D02,FY2023,FL,2023-03-31,71,42,22,1326.84,31
OD,OD_D03,FY2023,WC,2023-03-31,80,48,24,961.51,40
OD,OD_D03,FY2023,RC,2023-03-31,102,80,17,1456.97,56
OD,OD_D03,FY2023,AG,2023-03-31,71,40,23,1345.48,37
OD,OD_D03,FY2023,LD,2023-03-31,77,42,24,777.96,40
OD,OD_D03,FY2023,FL,2023-03-31,61,29,22,618.43,28
OD,OD_D04,FY2023,WC,2023-03-31,100,62,26,1464.02,61
OD,OD_D04,FY2023,RC,2023-03-31,84,46,27,871.12,42
OD,OD_D04,FY2023,AG,2023-03-31,74,48,20,628.72,42
OD,OD_D04,FY2023,LD,2023-03-31,65,31,21,921.13,24
OD,OD_D04,FY2023,FL,2023-03-31,54,36,11,932.81,34
OD,OD_D05,FY2023,WC,2023-03-31,78,45,22,1095.74,39
OD,OD_D05,FY2023,RC,2023-03-31,78,38,32,1372.84,31
OD,OD_D05,FY2023,AG,2023-03-31,80,43,25,998.49,39
OD,OD_D05,FY2023,LD,2023-03-31,66,46,15,1032.17,36
OD,OD_D05,FY2023,FL,2023-03-31,52,39,10,797.8,27
OD,OD_D01,FY2024,WC,2024-03-31,128,88,32,1187.47,69
OD,OD_D01,FY2024,RC,2024-03-31,91,67,21,1256.39,58
OD,OD_D01,FY2024,AG,2024-03-31,58,26,19,1048.21,19
OD,OD_D01,FY2024,LD,2024-03-31,76,45,26,1534.02,43
OD,OD_D01,FY2024,FL,2024-03-31,59,42,13,626.23,34
OD,OD_D02,FY2024,WC,2024-03-31,148,106,28,1766.18,82
OD,OD_D02,FY2024,RC,2024-03-31,89,68,15,1165.86,52
OD,OD_D02,FY2024,AG,2024-03-31,102,80,15,1696.58,79
OD,OD_D02,FY2024,LD,2024-03-31,66,40,19,558.65,31
OD,OD_D02,FY2024,FL,2024-03-31,65,51,10,693.33,42
OD,OD_D03,FY2024,WC,2024-03-31,115,57,40,1636.55,44
OD,OD_D03,FY2024,RC,2024-03-31,90,49,32,1449.04,42
OD,OD_D03,FY2024,AG,2024-03-31,62,31,19,550.93,23
OD,OD_D03,FY2024,LD,2024-03-31,54,38,12,584.21,28
OD,OD_D03,FY2024,FL,2024-03-31,45,25,13,377.98,21
OD,OD_D04,FY2024,WC,2024-03-31,143,91,32,2344.3,76
OD,OD_D04,FY2024,RC,2024-03-31,123,70,43,1050.19,64
OD,OD_D04,FY2024,AG,2024-03-31,60,34,22,1070.69,33
OD,OD_D04,FY2024,LD,2024-03-31,66,43,17,970.47,37
OD,OD_D04,FY2024,FL,2024-03-31,42,21,13,561.12,17
OD,OD_D05,FY2024,WC,2024-03-31,132,67,50,1559.19,57
OD,OD_D05,FY2024,RC,2024-03-31,107,69,25,1918.76,61
OD,OD_D05,FY2024,AG,2024-03-31,104,69,28,2012.86,50
OD,OD_D05,FY2024,LD,2024-03-31,74,41,27,1089.47,35
OD,OD_D05,FY2024,FL,2024-03-31,49,33,9,905.52,24
CG,CG_D01,FY2020,WC,2020-03-31,192,114,69,4078.81,103
CG,CG_D01,FY2020,RC,2020-03-31,196,113,59,2953.39,102
CG,CG_D01,FY2020,AG,2020-03-31,167,88,65,2394.89,76
CG,CG_D01,FY2020,LD,2020-03-31,154,89,57,2331.74,81
CG,CG_D01,FY2020,FL,2020-03-31,133,76,38,2783.29,60
CG,CG_D02,FY2020,WC,2020-03-31,177,110,56,2114.86,93
CG,CG_D02,FY2020,RC,2020-03-31,182,83,63,3486.79,81
CG,CG_D02,FY2020,AG,2020-03-31,116,87,23,2040.23,72
CG,CG_D02,FY2020,LD,2020-03-31,119,70,38,2529.28,53
CG,CG_D02,FY2020,FL,2020-03-31,149,79,59,2568.82,72
CG,CG_D03,FY2020,WC,2020-03-31,278,126,124,6099.22,106
CG,CG_D03,FY2020,RC,2020-03-31,204,99,73,3381.32,72
CG,CG_D03,FY2020,AG,2020-03-31,149,85,54,2313.54,73
CG,CG_D03,FY2020,LD,2020-03-31,115,64,37,2235.21,50
CG,CG_D03,FY2020,FL,2020-03-31,103,66,31,1550.6,48
CG,CG_D04,FY2020,WC,2020-03-31,290,178,93,2495.9,169
CG,CG_D04,FY2020,RC,2020-03-31,146,115,26,1712.91,88
CG,CG_D04,FY2020,AG,2020-03-31,194,97,83,1638.68,86
CG,CG_D04,FY2020,LD,2020-03-31,113,84,20,1588.52,62
CG,CG_D04,FY2020,FL,2020-03-31,125,76,29,2279.0,56
CG,CG_D05,FY2020,WC,2020-03-31,236,150,59,2643.41,119
CG,CG_D05,FY2020,RC,2020-03-31,187,145,33,4023.48,105
CG,CG_D05,FY2020,AG,2020-03-31,120,56,54,2361.64,46
CG,CG_D05,FY2020,LD,2020-03-31,127,76,45,1481.59,69
CG,CG_D05,FY2020,FL,2020-03-31,89,48,31,1456.66,41
CG,CG_D01,FY2021,WC,2021-03-31,152,108,35,2665.04,79
CG,CG_D01,FY2021,RC,2021-03-31,140,107,24,1939.18,102
CG,CG_D01,FY2021,AG,2021-03-31,123,90,24,2054.23,72
CG,CG_D01,FY2021,LD,2021-03-31,141,68,48,1527.96,52
CG,CG_D01,FY2021,FL,2021-03-31,96,47,29,1528.62,39
CG,CG_D02,FY2021,WC,2021-03-31,178,90,55,3639.45,74
CG,CG_D02,FY2021,RC,2021-03-31,215,121,73,3428.15,90
CG,CG_D02,FY2021,AG,2021-03-31,140,86,40,1711.82,66
CG,CG_D02,FY2021,LD,2021-03-31,106,81,19,1543.43,61
CG,CG_D02,FY2021,FL,2021-03-31,124,84,35,1285.04,68
CG,CG_D03,FY2021,WC,2021-03-31,177,100,46,2749.23,88
CG,CG_D03,FY2021,RC,2021-03-31,123,93,19,1238.21,70
CG,CG_D03,FY2021,AG,2021-03-31,134,64,59,2347.66,53
CG,CG_D03,FY2021,LD,2021-03-31,112,66,37,2390.6,57
CG,CG_D03,FY2021,FL,2021-03-31,102,64,33,1723.96,61
CG,CG_D04,FY2021,WC,2021-03-31,207,143,50,2933.17,105
CG,CG_D04,FY2021,RC,2021-03-31,161,121,31,3414.74,94
CG,CG_D04,FY2021,AG,2021-03-31,138,98,25,1294.12,90
CG,CG_D04,FY2021,LD,2021-03-31,124,76,29,2081.52,68
CG,CG_D04,FY2021,FL,2021-03-31,86,41,33,1273.51,32
CG,CG_D05,FY2021,WC,2021-03-31,205,135,61,3860.92,127
CG,CG_D05,FY2021,RC,2021-03-31,137,83,35,1454.85,70
CG,CG_D05,FY2021,AG,2021-03-31,122,64,47,1033.91,59
CG,CG_D05,FY2021,LD,2021-03-31,139,96,28,2544.11,81
CG,CG_D05,FY2021,FL,2021-03-31,106,62,28,881.8,57
CG,CG_D01,FY2022,WC,2022-03-31,244,130,89,4659.36,111
CG,CG_D01,FY2022,RC,2022-03-31,253,143,87,4206.11,107
CG,CG_D01,FY2022,AG,2022-03-31,208,148,47,2769.17,127
CG,CG_D01,FY2022,LD,2022-03-31,140,63,46,1505.96,61
CG,CG_D01,FY2022,FL,2022-03-31,137,80,44,1218.55,58
CG,CG_D02,FY2022,WC,2022-03-31,191,140,45,2125.82,118
CG,CG_D02,FY2022,RC,2022-03-31,170,128,27,2609.29,111
CG,CG_D02,FY2022,AG,2022-03-31,180,84,77,3672.05,61
CG,CG_D02,FY2022,LD,2022-03-31,166,122,28,3638.26,96
CG,CG_D02,FY2022,FL,2022-03-31,113,73,33,1629.61,63
CG,CG_D03,FY2022,WC,2022-03-31,273,198,59,2830.44,174
CG,CG_D03,FY2022,RC,2022-03-31,181,109,61,1761.65,88
CG,CG_D03,FY2022,AG,2022-03-31,189,142,39,2633.86,120
CG,CG_D03,FY2022,LD,2022-03-31,176,133,32,1898.66,112
CG,CG_D03,FY2022,FL,2022-03-31,160,106,44,1321.9,94
CG,CG_D04,FY2022,WC,2022-03-31,270,166,83,5423.49,162
CG,CG_D04,FY2022,RC,2022-03-31,187,117,48,2591.96,99
CG,CG_D04,FY2022,AG,2022-03-31,213,164,38,4663.08,142
CG,CG_D04,FY2022,LD,2022-03-31,172,85,52,1441.1,82
CG,CG_D04,FY2022,FL,2022-03-31,95,63,24,1798.28,50
CG,CG_D05,FY2022,WC,2022-03-31,233,133,65,2542.15,100
CG,CG_D05,FY2022,RC,2022-03-31,172,123,38,2746.82,111
CG,CG_D05,FY2022,AG,2022-03-31,165,116,33,3208.88,102
CG,CG_D05,FY2022,LD,2022-03-31,174,81,79,1639.07,72
CG,CG_D05,FY2022,FL,2022-03-31,106,49,38,1446.52,36
CG,CG_D01,FY2023,WC,2023-03-31,208,165,26,2218.79,128
CG,CG_D01,FY2023,RC,2023-03-31,209,103,90,4377.55,89
CG,CG_D01,FY2023,AG,2023-03-31,203,161,36,2781.92,149
CG,CG_D01,FY2023,LD,2023-03-31,134,62,43,2083.06,52
CG,CG_D01,FY2023,FL,2023-03-31,108,80,21,1440.87,68
CG,CG_D02,FY2023,WC,2023-03-31,207,158,33,2162.0,130
CG,CG_D02,FY2023,RC,2023-03-31,204,113,77,3194.27,110
CG,CG_D02,FY2023,AG,2023-03-31,248,197,32,5097.87,155
CG,CG_D02,FY2023,LD,2023-03-31,168,127,25,1701.15,116
CG,CG_D02,FY2023,FL,2023-03-31,124,84,25,2680.08,71
CG,CG_D03,FY2023,WC,2023-03-31,335,229,93,5355.65,181
CG,CG_D03,FY2023,RC,2023-03-31,251,200,43,3606.73,188
CG,CG_D03,FY2023,AG,2023-03-31,219,170,34,1875.82,123
CG,CG_D03,FY2023,LD,2023-03-31,181,125,45,3139.97,104
CG,CG_D03,FY2023,FL,2023-03-31,101,74,17,2207.67,56
CG,CG_D04,FY2023,WC,2023-03-31,205,119,59,4442.92,97
CG,CG_D04,FY2023,RC,2023-03-31,171,136,29,3757.08,108
CG,CG_D04,FY2023,AG,2023-03-31,150,88,39,1508.37,85
CG,CG_D04,FY2023,LD,2023-03-31,203,162,29,2304.07,121
CG,CG_D04,FY2023,FL,2023-03-31,127,83,36,1934.09,79
CG,CG_D05,FY2023,WC,2023-03-31,343,260,58,7308.53,253
CG,CG_D05,FY2023,RC,2023-03-31,222,132,56,4688.18,95
CG,CG_D05,FY2023,AG,2023-03-31,194,136,50,3102.84,123
CG,CG_D05,FY2023,LD,2023-03-31,176,80,84,2294.85,60
CG,CG_D05,FY2023,FL,2023-03-31,134,94,33,2421.99,77
CG,CG_D01,FY2024,WC,2024-03-31,314,188,112,6892.46,145
CG,CG_D01,FY2024,RC,2024-03-31,240,156,66,3377.98,133
CG,CG_D01,FY2024,AG,2024-03-31,209,122,60,3528.9,101
CG,CG_D01,FY2024,LD,2024-03-31,207,120,57,2892.39,107
CG,CG_D01,FY2024,FL,2024-03-31,136,74,46,1939.08,72
CG,CG_D02,FY2024,WC,2024-03-31,201,118,58,2236.78,101
CG,CG_D02,FY2024,RC,2024-03-31,259,117,114,3459.55,114
CG,CG_D02,FY2024,AG,2024-03-31,232,146,76,4088.69,137
CG,CG_D02,FY2024,LD,2024-03-31,206,156,31,2254.27,138
CG,CG_D02,FY2024,FL,2024-03-31,112,68,32,1622.12,64
CG,CG_D03,FY2024,WC,2024-03-31,281,211,58,4775.41,184
CG,CG_D03,FY2024,RC,2024-03-31,203,145,48,3014.84,111
CG,CG_D03,FY2024,AG,2024-03-31,234,170,49,4155.89,158
CG,CG_D03,FY2024,LD,2024-03-31,141,77,51,2139.49,65
CG,CG_D03,FY2024,FL,2024-03-31,180,131,33,2464.07,124
CG,CG_D04,FY2024,WC,2024-03-31,210,118,64,2827.33,91
CG,CG_D04,FY2024,RC,2024-03-31,263,154,83,3107.69,147
CG,CG_D04,FY2024,AG,2024-03-31,166,125,26,2188.18,116
CG,CG_D04,FY2024,LD,2024-03-31,161,85,60,1575.77,64
CG,CG_D04,FY2024,FL,2024-03-31,121,79,32,1848.1,57
CG,CG_D05,FY2024,WC,2024-03-31,331,164,147,2950.21,158
CG,CG_D05,FY2024,RC,2024-03-31,213,148,45,3851.08,124
CG,CG_D05,FY2024,AG,2024-03-31,205,143,39,2404.41,136
CG,CG_D05,FY2024,LD,2024-03-31,190,151,23,1898.21,120
CG,CG_D05,FY2024,FL,2024-03-31,158,88,49,1767.09,85
MH,MH_D01,FY2020,WC,2020-03-31,190,124,42,2243.12,112
MH,MH_D01,FY2020,RC,2020-03-31,236,141,61,2586.9,121
MH,MH_D01,FY2020,AG,2020-03-31,180,135,30,2982.22,94
MH,MH_D01,FY2020,LD,2020-03-31,134,78,35,2743.96,57
MH,MH_D01,FY2020,FL,2020-03-31,102,72,19,925.63,71
MH,MH_D02,FY2020,WC,2020-03-31,209,98,71,2322.91,96
MH,MH_D02,FY2020,RC,2020-03-31,145,105,33,2174.25,102
MH,MH_D02,FY2020,AG,2020-03-31,121,75,31,2258.71,56
MH,MH_D02,FY2020,LD,2020-03-31,167,98,44,1417.24,88
MH,MH_D02,FY2020,FL,2020-03-31,150,118,27,2018.02,114
MH,MH_D03,FY2020,WC,2020-03-31,260,122,89,3481.71,96
MH,MH_D03,FY2020,RC,2020-03-31,185,130,33,3048.99,104
MH,MH_D03,FY2020,AG,2020-03-31,210,98,99,1917.92,81
MH,MH_D03,FY2020,LD,2020-03-31,166,93,62,3566.4,68
MH,MH_D03,FY2020,FL,2020-03-31,118,62,46,1122.4,57
MH,MH_D04,FY2020,WC,2020-03-31,264,177,63,3965.82,129
MH,MH_D04,FY2020,RC,2020-03-31,176,135,30,2400.64,96
MH,MH_D04,FY2020,AG,2020-03-31,210,149,38,2121.55,109
MH,MH_D04,FY2020,LD,2020-03-31,149,75,66,2388.65,72
MH,MH_D04,FY2020,FL,2020-03-31,136,62,53,1776.53,61
MH,MH_D05,FY2020,WC,2020-03-31,216,149,52,3955.6,107
MH,MH_D05,FY2020,RC,2020-03-31,258,205,40,2657.55,196
MH,MH_D05,FY2020,AG,2020-03-31,186,124,53,3392.76,121
MH,MH_D05,FY2020,LD,2020-03-31,174,99,49,2330.97,98
MH,MH_D05,FY2020,FL,2020-03-31,97,63,21,1906.52,56
MH,MH_D01,FY2021,WC,2021-03-31,206,138,43,4132.4,110
MH,MH_D01,FY2021,RC,2021-03-31,139,63,46,2419.02,57
MH,MH_D01,FY2021,AG,2021-03-31,114,75,29,2407.75,67
MH,MH_D01,FY2021,LD,2021-03-31,117,64,39,1340.75,57
MH,MH_D01,FY2021,FL,2021-03-31,107,59,28,2328.21,42
MH,MH_D02,FY2021,WC,2021-03-31,209,156,41,3389.36,142
MH,MH_D02,FY2021,RC,2021-03-31,154,90,40,1242.13,70
MH,MH_D02,FY2021,AG,2021-03-31,172,114,37,2402.93,80
MH,MH_D02,FY2021,LD,2021-03-31,137,83,36,2569.28,82
MH,MH_D02,FY2021,FL,2021-03-31,95,68,18,1768.18,67
MH,MH_D03,FY2021,WC,2021-03-31,221,117,83,4381.22,96
MH,MH_D03,FY2021,RC,2021-03-31,187,100,64,1930.17,95
MH,MH_D03,FY2021,AG,2021-03-31,110,51,44,1777.01,49
MH,MH_D03,FY2021,LD,2021-03-31,95,68,21,1746.42,50
MH,MH_D03,FY2021,FL,2021-03-31,98,56,34,1598.33,55
MH,MH_D04,FY2021,WC,2021-03-31,159,97,50,2092.91,94
MH,MH_D04,FY2021,RC,2021-03-31,211,159,40,3081.35,128
MH,MH_D04,FY2021,AG,2021-03-31,112,87,16,2153.66,61
MH,MH_D04,FY2021,LD,2021-03-31,108,70,26,1157.17,50
MH,MH_D04,FY2021,FL,2021-03-31,131,99,22,1076.97,85
MH,MH_D05,FY2021,WC,2021-03-31,181,88,77,2304.93,87
MH,MH_D05,FY2021,RC,2021-03-31,195,145,39,3093.45,120
MH,MH_D05,FY2021,AG,2021-03-31,108,76,22,1161.38,55
MH,MH_D05,FY2021,LD,2021-03-31,86,53,28,842.97,45
MH,MH_D05,FY2021,FL,2021-03-31,94,60,20,1456.24,51
MH,MH_D01,FY2022,WC,2022-03-31,321,166,130,5944.88,161
MH,MH_D01,FY2022,RC,2022-03-31,281,201,70,3266.73,150
MH,MH_D01,FY2022,AG,2022-03-31,163,121,29,3172.16,98
MH,MH_D01,FY2022,LD,2022-03-31,177,132,36,3843.39,121
MH,MH_D01,FY2022,FL,2022-03-31,111,88,18,1565.14,74
MH,MH_D02,FY2022,WC,2022-03-31,305,217,75,3467.86,213
MH,MH_D02,FY2022,RC,2022-03-31,193,119,49,2717.44,106
MH,MH_D02,FY2022,AG,2022-03-31,187,100,62,3052.35,96
MH,MH_D02,FY2022,LD,2022-03-31,143,93,43,2827.81,70
MH,MH_D02,FY2022,FL,2022-03-31,120,87,27,2248.94,65
MH,MH_D03,FY2022,WC,2022-03-31,257,178,57,4087.02,165
MH,MH_D03,FY2022,RC,2022-03-31,226,149,54,2963.08,112
MH,MH_D03,FY2022,AG,2022-03-31,243,160,54,2503.26,122
MH,MH_D03,FY2022,LD,2022-03-31,170,106,48,3016.62,97
MH,MH_D03,FY2022,FL,2022-03-31,151,72,67,1576.63,64
MH,MH_D04,FY2022,WC,2022-03-31,219,161,48,2289.28,139
MH,MH_D04,FY2022,RC,2022-03-31,255,129,81,3381.43,125
MH,MH_D04,FY2022,AG,2022-03-31,139,80,49,1781.9,57
MH,MH_D04,FY2022,LD,2022-03-31,162,127,27,3143.11,89
MH,MH_D04,FY2022,FL,2022-03-31,144,72,58,2301.33,55
MH,MH_D05,FY2022,WC,2022-03-31,276,189,75,5642.5,185
MH,MH_D05,FY2022,RC,2022-03-31,271,173,83,4908.12,159
MH,MH_D05,FY2022,AG,2022-03-31,149,76,47,1628.33,62
MH,MH_D05,FY2022,LD,2022-03-31,133,62,58,1814.83,44
MH,MH_D05,FY2022,FL,2022-03-31,154,70,64,2864.48,56
MH,MH_D01,FY2023,WC,2023-03-31,295,137,106,5100.61,128
MH,MH_D01,FY2023,RC,2023-03-31,186,146,28,3895.63,125
MH,MH_D01,FY2023,AG,2023-03-31,219,112,92,2020.17,111
MH,MH_D01,FY2023,LD,2023-03-31,150,76,57,3017.97,62
MH,MH_D01,FY2023,FL,2023-03-31,99,74,19,920.71,71
MH,MH_D02,FY2023,WC,2023-03-31,328,208,88,5865.5,168
MH,MH_D02,FY2023,RC,2023-03-31,264,132,84,3261.68,127
MH,MH_D02,FY2023,AG,2023-03-31,244,151,72,4095.87,122
MH,MH_D02,FY2023,LD,2023-03-31,180,119,43,2155.36,118
MH,MH_D02,FY2023,FL,2023-03-31,122,62,51,2360.91,47
MH,MH_D03,FY2023,WC,2023-03-31,341,262,55,4296.58,193
MH,MH_D03,FY2023,RC,2023-03-31,258,178,49,2818.56,139
MH,MH_D03,FY2023,AG,2023-03-31,195,143,34,3764.72,138
MH,MH_D03,FY2023,LD,2023-03-31,132,105,20,2075.76,92
MH,MH_D03,FY2023,FL,2023-03-31,166,112,44,2349.88,98
MH,MH_D04,FY2023,WC,2023-03-31,239,137,80,2049.22,119
MH,MH_D04,FY2023,RC,2023-03-31,249,128,106,2283.75,91
MH,MH_D04,FY2023,AG,2023-03-31,245,182,45,5305.6,180
MH,MH_D04,FY2023,LD,2023-03-31,125,77,29,1626.08,55
MH,MH_D04,FY2023,FL,2023-03-31,112,85,23,2241.24,60
MH,MH_D05,FY2023,WC,2023-03-31,294,211,67,4412.49,155
MH,MH_D05,FY2023,RC,2023-03-31,281,213,46,4370.77,180
MH,MH_D05,FY2023,AG,2023-03-31,230,178,38,3329.23,136
MH,MH_D05,FY2023,LD,2023-03-31,130,60,59,1772.33,43
MH,MH_D05,FY2023,FL,2023-03-31,145,82,56,2069.04,59
MH,MH_D01,FY2024,WC,2024-03-31,316,229,67,5955.81,180
MH,MH_D01,FY2024,RC,2024-03-31,255,188,41,2966.18,166
MH,MH_D01,FY2024,AG,2024-03-31,209,150,38,4151.29,132
MH,MH_D01,FY2024,LD,2024-03-31,137,64,65,1947.52,49
MH,MH_D01,FY2024,FL,2024-03-31,118,63,41,2353.0,48
MH,MH_D02,FY2024,WC,2024-03-31,268,195,58,2251.7,151
MH,MH_D02,FY2024,RC,2024-03-31,194,90,91,3238.62,77
MH,MH_D02,FY2024,AG,2024-03-31,253,166,67,2739.12,147
MH,MH_D02,FY2024,LD,2024-03-31,183,138,32,1986.46,120
MH,MH_D02,FY2024,FL,2024-03-31,187,89,58,1590.02,84
MH,MH_D03,FY2024,WC,2024-03-31,204,107,86,3762.08,81
MH,MH_D03,FY2024,RC,2024-03-31,208,126,51,3565.72,106
MH,MH_D03,FY2024,AG,2024-03-31,198,123,51,2175.95,88
MH,MH_D03,FY2024,LD,2024-03-31,179,111,55,3673.32,110
MH,MH_D03,FY2024,FL,2024-03-31,122,62,52,1661.91,58
MH,MH_D04,FY2024,WC,2024-03-31,228,126,61,4983.71,88
MH,MH_D04,FY2024,RC,2024-03-31,201,129,61,3842.5,100
MH,MH_D04,FY2024,AG,2024-03-31,256,121,94,2990.69,108
MH,MH_D04,FY2024,LD,2024-03-31,120,89,27,1356.91,86
MH,MH_D04,FY2024,FL,2024-03-31,181,121,45,3411.07,103
MH,MH_D05,FY2024,WC,2024-03-31,334,161,118,4515.92,122
MH,MH_D05,FY2024,RC,2024-03-31,209,149,39,2000.13,116
MH,MH_D05,FY2024,AG,2024-03-31,166,86,66,2353.03,71
MH,MH_D05,FY2024,LD,2024-03-31,169,81,78,3356.29,63
MH,MH_D05,FY2024,FL,2024-03-31,107,71,27,1320.29,56
GJ,GJ_D01,FY2020,WC,2020-03-31,160,106,46,2023.5,94
GJ,GJ_D01,FY2020,RC,2020-03-31,207,154,44,2929.09,128
GJ,GJ_D01,FY2020,AG,2020-03-31,132,91,26,2647.18,64
GJ,GJ_D01,FY2020,LD,2020-03-31,85,52,22,1115.04,41
GJ,GJ_D01,FY2020,FL,2020-03-31,80,46,25,1173.52,43
GJ,GJ_D02,FY2020,WC,2020-03-31,166,91,56,1439.4,66
GJ,GJ_D02,FY2020,RC,2020-03-31,190,118,44,2691.42,96
GJ,GJ_D02,FY2020,AG,2020-03-31,113,65,31,1614.41,53
GJ,GJ_D02,FY2020,LD,2020-03-31,114,88,17,1578.24,76
GJ,GJ_D02,FY2020,FL,2020-03-31,96,65,21,1620.84,49
GJ,GJ_D03,FY2020,WC,2020-03-31,145,107,28,1966.47,104
GJ,GJ_D03,FY2020,RC,2020-03-31,181,124,37,1978.26,104
GJ,GJ_D03,FY2020,AG,2020-03-31,146,85,37,2564.11,79
GJ,GJ_D03,FY2020,LD,2020-03-31,135,80,37,2829.78,73
GJ,GJ_D03,FY2020,FL,2020-03-31,69,45,14,770.82,32
GJ,GJ_D04,FY2020,WC,2020-03-31,154,95,40,1421.76,80
GJ,GJ_D04,FY2020,RC,2020-03-31,180,84,83,3085.74,71
GJ,GJ_D04,FY2020,AG,2020-03-31,125,73,36,1202.53,52
GJ,GJ_D04,FY2020,LD,2020-03-31,94,64,20,1820.94,52
GJ,GJ_D04,FY2020,FL,2020-03-31,101,60,30,1161.73,51
GJ,GJ_D05,FY2020,WC,2020-03-31,143,83,44,2553.4,68
GJ,GJ_D05,FY2020,RC,2020-03-31,176,89,52,2654.65,74
GJ,GJ_D05,FY2020,AG,2020-03-31,147,82,39,2665.11,80
GJ,GJ_D05,FY2020,LD,2020-03-31,100,66,25,1592.4,63
GJ,GJ_D05,FY2020,FL,2020-03-31,107,76,19,1075.77,68
GJ,GJ_D01,FY2021,WC,2021-03-31,163,117,28,2596.72,98
GJ,GJ_D01,FY2021,RC,2021-03-31,165,85,56,1667.59,71
GJ,GJ_D01,FY2021,AG,2021-03-31,139,95,36,1293.63,79
GJ,GJ_D01,FY2021,LD,2021-03-31,109,80,25,1674.74,56
GJ,GJ_D01,FY2021,FL,2021-03-31,98,76,19,1843.06,58
GJ,GJ_D02,FY2021,WC,2021-03-31,124,86,24,2646.96,71
GJ,GJ_D02,FY2021,RC,2021-03-31,98,49,33,1749.55,45
GJ,GJ_D02,FY2021,AG,2021-03-31,94,63,18,887.35,54
GJ,GJ_D02,FY2021,LD,2021-03-31,102,78,17,987.29,76
GJ,GJ_D02,FY2021,FL,2021-03-31,76,47,24,1231.27,37
GJ,GJ_D03,FY2021,WC,2021-03-31,163,108,47,1839.89,93
GJ,GJ_D03,FY2021,RC,2021-03-31,171,79,60,2197.08,71
GJ,GJ_D03,FY2021,AG,2021-03-31,137,71,44,2675.06,52
GJ,GJ_D03,FY2021,LD,2021-03-31,78,55,14,1528.21,46
GJ,GJ_D03,FY2021,FL,2021-03-31,77,38,31,1568.95,34
GJ,GJ_D04,FY2021,WC,2021-03-31,141,97,33,2813.26,81
GJ,GJ_D04,FY2021,RC,2021-03-31,115,55,41,1827.3,41
GJ,GJ_D04,FY2021,AG,2021-03-31,82,49,23,1138.61,40
GJ,GJ_D04,FY2021,LD,2021-03-31,105,82,15,2225.33,63
GJ,GJ_D04,FY2021,FL,2021-03-31,91,62,17,1651.55,60
GJ,GJ_D05,FY2021,WC,2021-03-31,200,137,52,1800.32,102
GJ,GJ_D05,FY2021,RC,2021-03-31,117,74,30,2012.39,61
GJ,GJ_D05,FY2021,AG,2021-03-31,132,92,32,2587.71,87
GJ,GJ_D05,FY2021,LD,2021-03-31,106,50,44,877.37,46
GJ,GJ_D05,FY2021,FL,2021-03-31,58,46,9,611.78,38
GJ,GJ_D01,FY2022,WC,2022-03-31,246,126,91,1980.33,118
GJ,GJ_D01,FY2022,RC,2022-03-31,144,84,45,1444.04,82
GJ,GJ_D01,FY2022,AG,2022-03-31,144,76,55,2954.73,74
GJ,GJ_D01,FY2022,LD,2022-03-31,113,65,42,987.59,60
GJ,GJ_D01,FY2022,FL,2022-03-31,83,50,29,1339.29,42
GJ,GJ_D02,FY2022,WC,2022-03-31,152,83,41,3078.01,74
GJ,GJ_D02,FY2022,RC,2022-03-31,136,78,48,1355.14,59
GJ,GJ_D02,FY2022,AG,2022-03-31,151,75,54,3284.22,64
GJ,GJ_D02,FY2022,LD,2022-03-31,132,90,27,2619.62,66
GJ,GJ_D02,FY2022,FL,2022-03-31,129,67,54,2473.12,50
GJ,GJ_D03,FY2022,WC,2022-03-31,164,78,57,2825.31,66
GJ,GJ_D03,FY2022,RC,2022-03-31,188,86,63,3325.28,82
GJ,GJ_D03,FY2022,AG,2022-03-31,134,68,45,1844.97,60
GJ,GJ_D03,FY2022,LD,2022-03-31,111,84,19,1169.85,65
GJ,GJ_D03,FY2022,FL,2022-03-31,101,73,24,1070.0,51
GJ,GJ_D04,FY2022,WC,2022-03-31,252,133,100,3959.04,109
GJ,GJ_D04,FY2022,RC,2022-03-31,139,95,37,2009.29,79
GJ,GJ_D04,FY2022,AG,2022-03-31,169,105,53,1480.04,100
GJ,GJ_D04,FY2022,LD,2022-03-31,101,51,30,1987.38,36
GJ,GJ_D04,FY2022,FL,2022-03-31,131,84,38,2378.22,66
GJ,GJ_D05,FY2022,WC,2022-03-31,244,190,38,4805.55,177
GJ,GJ_D05,FY2022,RC,2022-03-31,186,107,57,2289.01,88
GJ,GJ_D05,FY2022,AG,2022-03-31,190,109,64,2370.15,91
GJ,GJ_D05,FY2022,LD,2022-03-31,88,63,19,1132.1,54
GJ,GJ_D05,FY2022,FL,2022-03-31,126,58,59,1838.49,55
GJ,GJ_D01,FY2023,WC,2023-03-31,269,126,119,4911.98,89
GJ,GJ_D01,FY2023,RC,2023-03-31,239,160,51,2323.88,138
GJ,GJ_D01,FY2023,AG,2023-03-31,116,58,51,2137.46,51
GJ,GJ_D01,FY2023,LD,2023-03-31,104,54,36,1929.9,37
GJ,GJ_D01,FY2023,FL,2023-03-31,80,60,16,1418.04,50
GJ,GJ_D02,FY2023,WC,2023-03-31,174,84,78,2323.82,76
GJ,GJ_D02,FY2023,RC,2023-03-31,184,129,36,2720.25,104
GJ,GJ_D02,FY2023,AG,2023-03-31,133,87,35,1986.98,76
GJ,GJ_D02,FY2023,LD,2023-03-31,99,57,29,1858.08,40
GJ,GJ_D02,FY2023,FL,2023-03-31,96,74,15,972.15,68
GJ,GJ_D03,FY2023,WC,2023-03-31,161,96,55,3438.53,74
GJ,GJ_D03,FY2023,RC,2023-03-31,166,107,39,1678.33,88
GJ,GJ_D03,FY2023,AG,2023-03-31,117,89,19,1486.83,83
GJ,GJ_D03,FY2023,LD,2023-03-31,114,81,21,1756.27,75
GJ,GJ_D03,FY2023,FL,2023-03-31,107,50,46,1596.1,39
GJ,GJ_D04,FY2023,WC,2023-03-31,286,216,42,4664.99,174
GJ,GJ_D04,FY2023,RC,2023-03-31,137,62,58,1710.01,56
GJ,GJ_D04,FY2023,AG,2023-03-31,153,109,37,2631.8,89
GJ,GJ_D04,FY2023,LD,2023-03-31,163,90,55,2491.56,74
GJ,GJ_D04,FY2023,FL,2023-03-31,85,48,24,1750.83,43
GJ,GJ_D05,FY2023,WC,2023-03-31,193,125,58,4068.84,90
GJ,GJ_D05,FY2023,RC,2023-03-31,222,174,35,4870.12,171
GJ,GJ_D05,FY2023,AG,2023-03-31,173,129,30,3606.1,113
GJ,GJ_D05,FY2023,LD,2023-03-31,127,94,28,2262.82,66
GJ,GJ_D05,FY2023,FL,2023-03-31,117,86,23,2467.3,83
GJ,GJ_D01,FY2024,WC,2024-03-31,232,137,58,3910.68,106
GJ,GJ_D01,FY2024,RC,2024-03-31,216,157,42,1775.13,150
GJ,GJ_D01,FY2024,AG,2024-03-31,168,94,58,2930.17,69
GJ,GJ_D01,FY2024,LD,2024-03-31,142,78,53,3007.72,57
GJ,GJ_D01,FY2024,FL,2024-03-31,143,109,23,1201.73,97
GJ,GJ_D02,FY2024,WC,2024-03-31,207,107,63,2224.08,82
GJ,GJ_D02,FY2024,RC,2024-03-31,230,166,47,3621.71,161
GJ,GJ_D02,FY2024,AG,2024-03-31,203,150,37,2665.74,144
GJ,GJ_D02,FY2024,LD,2024-03-31,164,119,37,2593.54,95
GJ,GJ_D02,FY2024,FL,2024-03-31,96,47,40,1812.26,37
GJ,GJ_D03,FY2024,WC,2024-03-31,161,125,26,3484.73,112
GJ,GJ_D03,FY2024,RC,2024-03-31,151,85,52,2580.52,65
GJ,GJ_D03,FY2024,AG,2024-03-31,131,71,50,1491.59,64
GJ,GJ_D03,FY2024,LD,2024-03-31,159,93,39,1588.0,73
GJ,GJ_D03,FY2024,FL,2024-03-31,93,51,32,771.45,36
GJ,GJ_D04,FY2024,WC,2024-03-31,277,175,89,2228.7,122
GJ,GJ_D04,FY2024,RC,2024-03-31,224,138,75,4258.73,117
GJ,GJ_D04,FY2024,AG,2024-03-31,161,118,36,1912.23,106
GJ,GJ_D04,FY2024,LD,2024-03-31,142,106,30,1669.34,102
GJ,GJ_D04,FY2024,FL,2024-03-31,143,69,57,2017.8,56
GJ,GJ_D05,FY2024,WC,2024-03-31,256,126,109,2143.33,110
GJ,GJ_D05,FY2024,RC,2024-03-31,163,111,39,3585.43,106
GJ,GJ_D05,FY2024,AG,2024-03-31,147,93,37,2675.86,76
GJ,GJ_D05,FY2024,LD,2024-03-31,100,68,19,1216.21,66
GJ,GJ_D05,FY2024,FL,2024-03-31,86,53,27,1777.02,46
KA,KA_D01,FY2020,WC,2020-03-31,250,123,113,3513.67,115
KA,KA_D01,FY2020,RC,2020-03-31,245,120,96,5387.02,97
KA,KA_D01,FY2020,AG,2020-03-31,131,93,29,2358.19,79
KA,KA_D01,FY2020,LD,2020-03-31,119,73,35,1347.74,69
KA,KA_D01,FY2020,FL,2020-03-31,115,80,30,1588.96,67
KA,KA_D02,FY2020,WC,2020-03-31,197,114,62,2209.21,80
KA,KA_D02,FY2020,RC,2020-03-31,178,122,48,1750.54,109
KA,KA_D02,FY2020,AG,2020-03-31,157,87,51,3169.77,76
KA,KA_D02,FY2020,LD,2020-03-31,150,73,48,2254.9,66
KA,KA_D02,FY2020,FL,2020-03-31,99,63,31,1502.66,53
KA,KA_D03,FY2020,WC,2020-03-31,256,177,54,3247.22,132
KA,KA_D03,FY2020,RC,2020-03-31,265,123,104,4656.04,112
KA,KA_D03,FY2020,AG,2020-03-31,187,106,50,3936.27,80
KA,KA_D03,FY2020,LD,2020-03-31,173,91,50,1586.46,73
KA,KA_D03,FY2020,FL,2020-03-31,96,59,27,1891.91,53
KA,KA_D04,FY2020,WC,2020-03-31,272,178,57,5021.54,143
KA,KA_D04,FY2020,RC,2020-03-31,250,134,92,4113.13,98
KA,KA_D04,FY2020,AG,2020-03-31,136,108,19,1863.84,103
KA,KA_D04,FY2020,LD,2020-03-31,150,103,37,1879.15,97
KA,KA_D04,FY2020,FL,2020-03-31,87,50,32,1157.08,35
KA,KA_D05,FY2020,WC,2020-03-31,198,154,37,2125.64,152
KA,KA_D05,FY2020,RC,2020-03-31,166,132,29,3448.99,97
KA,KA_D05,FY2020,AG,2020-03-31,153,106,35,1848.6,96
KA,KA_D05,FY2020,LD,2020-03-31,162,89,45,2598.66,72
KA,KA_D05,FY2020,FL,2020-03-31,149,69,63,1291.05,50
KA,KA_D01,FY2021,WC,2021-03-31,190,100,58,3629.71,76
KA,KA_D01,FY2021,RC,2021-03-31,163,125,31,2499.85,91
KA,KA_D01,FY2021,AG,2021-03-31,187,130,34,3979.99,93
KA,KA_D01,FY2021,LD,2021-03-31,125,73,46,2615.37,64
KA,KA_D01,FY2021,FL,2021-03-31,116,85,26,1900.99,65
KA,KA_D02,FY2021,WC,2021-03-31,183,124,47,2415.7,119
KA,KA_D02,FY2021,RC,2021-03-31,166,115,33,2148.56,99
KA,KA_D02,FY2021,AG,2021-03-31,106,49,38,2076.41,37
KA,KA_D02,FY2021,LD,2021-03-31,145,101,35,2528.46,100
KA,KA_D02,FY2021,FL,2021-03-31,111,75,26,2243.56,53
KA,KA_D03,FY2021,WC,2021-03-31,187,102,61,2752.41,100
KA,KA_D03,FY2021,RC,2021-03-31,222,147,45,3502.91,105
KA,KA_D03,FY2021,AG,2021-03-31,135,75,47,1113.79,70
KA,KA_D03,FY2021,LD,2021-03-31,141,65,47,2945.43,57
KA,KA_D03,FY2021,FL,2021-03-31,132,80,34,1740.09,78
KA,KA_D04,FY2021,WC,2021-03-31,159,121,28,1427.94,99
KA,KA_D04,FY2021,RC,2021-03-31,150,97,34,3176.67,74
KA,KA_D04,FY2021,AG,2021-03-31,159,117,32,2731.28,96
KA,KA_D04,FY2021,LD,2021-03-31,90,44,37,1724.53,41
KA,KA_D04,FY2021,FL,2021-03-31,95,74,16,964.24,53
KA,KA_D05,FY2021,WC,2021-03-31,212,150,37,1762.98,131
KA,KA_D05,FY2021,RC,2021-03-31,229,162,43,2111.58,152
KA,KA_D05,FY2021,AG,2021-03-31,175,106,42,3277.33,87
KA,KA_D05,FY2021,LD,2021-03-31,140,70,51,2151.72,56
KA,KA_D05,FY2021,FL,2021-03-31,133,95,32,1512.87,77
KA,KA_D01,FY2022,WC,2022-03-31,205,163,28,1928.67,124
KA,KA_D01,FY2022,RC,2022-03-31,239,135,67,3479.0,121
KA,KA_D01,FY2022,AG,2022-03-31,210,95,95,2389.02,92
KA,KA_D01,FY2022,LD,2022-03-31,119,70,33,1770.62,55
KA,KA_D01,FY2022,FL,2022-03-31,155,90,45,3347.59,73
KA,KA_D02,FY2022,WC,2022-03-31,208,113,77,2426.52,102
KA,KA_D02,FY2022,RC,2022-03-31,286,166,78,5158.07,138
KA,KA_D02,FY2022,AG,2022-03-31,139,90,37,2438.6,82
KA,KA_D02,FY2022,LD,2022-03-31,166,94,61,3501.58,74
KA,KA_D02,FY2022,FL,2022-03-31,116,73,38,1193.3,61
KA,KA_D03,FY2022,WC,2022-03-31,218,129,63,3486.34,91
KA,KA_D03,FY2022,RC,2022-03-31,272,189,74,3149.87,181
KA,KA_D03,FY2022,AG,2022-03-31,204,108,66,1690.26,86
KA,KA_D03,FY2022,LD,2022-03-31,189,90,86,2516.44,83
KA,KA_D03,FY2022,FL,2022-03-31,146,100,35,2117.04,97
KA,KA_D04,FY2022,WC,2022-03-31,296,196,72,3300.73,137
KA,KA_D04,FY2022,RC,2022-03-31,295,210,76,5540.9,149
KA,KA_D04,FY2022,AG,2022-03-31,184,90,78,1951.09,80
KA,KA_D04,FY2022,LD,2022-03-31,167,112,47,3032.8,89
KA,KA_D04,FY2022,FL,2022-03-31,119,54,56,1124.39,45
KA,KA_D05,FY2022,WC,2022-03-31,269,163,81,4898.37,123
KA,KA_D05,FY2022,RC,2022-03-31,170,127,32,1663.11,114
KA,KA_D05,FY2022,AG,2022-03-31,159,76,56,1932.89,73
KA,KA_D05,FY2022,LD,2022-03-31,135,97,29,1258.98,72
KA,KA_D05,FY2022,FL,2022-03-31,100,59,36,1053.12,47
KA,KA_D01,FY2023,WC,2023-03-31,342,258,68,4972.4,230
KA,KA_D01,FY2023,RC,2023-03-31,238,177,44,4628.89,154
KA,KA_D01,FY2023,AG,2023-03-31,207,140,46,2792.49,131
KA,KA_D01,FY2023,LD,2023-03-31,152,103,39,3066.8,85
KA,KA_D01,FY2023,FL,2023-03-31,178,141,24,3206.82,128
KA,KA_D02,FY2023,WC,2023-03-31,279,155,75,4717.08,123
KA,KA_D02,FY2023,RC,2023-03-31,254,125,79,4885.28,92
KA,KA_D02,FY2023,AG,2023-03-31,160,103,46,1297.9,85
KA,KA_D02,FY2023,LD,2023-03-31,177,125,45,1455.94,121
KA,KA_D02,FY2023,FL,2023-03-31,183,137,40,1767.69,136
KA,KA_D03,FY2023,WC,2023-03-31,333,157,141,5941.97,139
KA,KA_D03,FY2023,RC,2023-03-31,301,214,56,3462.34,179
KA,KA_D03,FY2023,AG,2023-03-31,192,130,39,2488.37,100
KA,KA_D03,FY2023,LD,2023-03-31,143,99,27,2920.47,88
KA,KA_D03,FY2023,FL,2023-03-31,136,84,42,2479.36,79
KA,KA_D04,FY2023,WC,2023-03-31,246,184,52,4912.91,133
KA,KA_D04,FY2023,RC,2023-03-31,193,129,56,1841.0,118
KA,KA_D04,FY2023,AG,2023-03-31,160,125,29,1925.94,89
KA,KA_D04,FY2023,LD,2023-03-31,158,100,43,3148.4,99
KA,KA_D04,FY2023,FL,2023-03-31,137,69,48,2461.86,60
KA,KA_D05,FY2023,WC,2023-03-31,216,113,83,3838.98,99
KA,KA_D05,FY2023,RC,2023-03-31,215,109,70,4150.75,92
KA,KA_D05,FY2023,AG,2023-03-31,186,92,67,2575.94,88
KA,KA_D05,FY2023,LD,2023-03-31,207,153,38,3276.48,145
KA,KA_D05,FY2023,FL,2023-03-31,104,66,27,1386.78,53
KA,KA_D01,FY2024,WC,2024-03-31,322,191,91,5128.88,155
KA,KA_D01,FY2024,RC,2024-03-31,183,109,48,1719.98,104
KA,KA_D01,FY2024,AG,2024-03-31,236,137,88,3101.21,105
KA,KA_D01,FY2024,LD,2024-03-31,167,130,29,3044.13,97
KA,KA_D01,FY2024,FL,2024-03-31,107,68,27,919.9,65
KA,KA_D02,FY2024,WC,2024-03-31,212,96,80,3171.85,80
KA,KA_D02,FY2024,RC,2024-03-31,233,175,39,3993.4,143
KA,KA_D02,FY2024,AG,2024-03-31,198,153,36,3075.91,115
KA,KA_D02,FY2024,LD,2024-03-31,132,68,50,1159.52,57
KA,KA_D02,FY2024,FL,2024-03-31,145,111,24,2980.09,98
KA,KA_D03,FY2024,WC,2024-03-31,277,175,64,5665.94,155
KA,KA_D03,FY2024,RC,2024-03-31,244,176,49,3526.73,145
KA,KA_D03,FY2024,AG,2024-03-31,275,197,68,3661.64,166
KA,KA_D03,FY2024,LD,2024-03-31,139,63,50,2919.69,52
KA,KA_D03,FY2024,FL,2024-03-31,115,69,38,1726.28,67
KA,KA_D04,FY2024,WC,2024-03-31,368,226,88,6573.31,182
KA,KA_D04,FY2024,RC,2024-03-31,298,166,92,4646.56,117
KA,KA_D04,FY2024,AG,2024-03-31,170,127,38,1817.17,118
KA,KA_D04,FY2024,LD,2024-03-31,130,80,37,2065.98,64
KA,KA_D04,FY2024,FL,2024-03-31,180,100,59,1928.47,87
KA,KA_D05,FY2024,WC,2024-03-31,243,129,83,2888.94,91
KA,KA_D05,FY2024,RC,2024-03-31,300,221,68,6515.52,162
KA,KA_D05,FY2024,AG,2024-03-31,183,122,52,1879.84,103
KA,KA_D05,FY2024,LD,2024-03-31,218,123,70,3861.48,101
KA,KA_D05,FY2024,FL,2024-03-31,167,83,56,2240.55,82
TG,TG_D01,FY2020,WC,2020-03-31,251,146,65,3437.81,109
TG,TG_D01,FY2020,RC,2020-03-31,206,116,65,4292.38,103
TG,TG_D01,FY2020,AG,2020-03-31,250,164,72,4919.53,151
TG,TG_D01,FY2020,LD,2020-03-31,171,101,53,1831.76,89
TG,TG_D01,FY2020,FL,2020-03-31,137,100,32,1350.7,90
TG,TG_D02,FY2020,WC,2020-03-31,346,266,68,3002.16,206
TG,TG_D02,FY2020,RC,2020-03-31,184,142,34,2841.88,141
TG,TG_D02,FY2020,AG,2020-03-31,159,107,40,2029.85,90
TG,TG_D02,FY2020,LD,2020-03-31,131,89,30,1091.19,87
TG,TG_D02,FY2020,FL,2020-03-31,136,94,27,1330.25,91
TG,TG_D03,FY2020,WC,2020-03-31,287,178,82,3245.06,173
TG,TG_D03,FY2020,RC,2020-03-31,193,97,84,2239.96,92
TG,TG_D03,FY2020,AG,2020-03-31,226,131,64,4209.44,115
TG,TG_D03,FY2020,LD,2020-03-31,132,100,26,2736.35,83
TG,TG_D03,FY2020,FL,2020-03-31,106,81,19,1747.39,70
TG,TG_D04,FY2020,WC,2020-03-31,268,144,97,4840.2,140
TG,TG_D04,FY2020,RC,2020-03-31,173,93,66,3261.41,71
TG,TG_D04,FY2020,AG,2020-03-31,158,91,41,2879.56,81
TG,TG_D04,FY2020,LD,2020-03-31,189,113,60,4036.15,111
TG,TG_D04,FY2020,FL,2020-03-31,101,45,49,1564.94,40
TG,TG_D05,FY2020,WC,2020-03-31,340,204,99,3514.83,198
TG,TG_D05,FY2020,RC,2020-03-31,254,130,95,3198.95,96
TG,TG_D05,FY2020,AG,2020-03-31,157,101,43,2992.29,78
TG,TG_D05,FY2020,LD,2020-03-31,194,122,47,2674.47,119
TG,TG_D05,FY2020,FL,2020-03-31,134,101,21,2786.59,83
TG,TG_D01,FY2021,WC,2021-03-31,292,219,58,5086.6,167
TG,TG_D01,FY2021,RC,2021-03-31,211,135,53,3181.61,132
TG,TG_D01,FY2021,AG,2021-03-31,116,69,32,2489.04,68
TG,TG_D01,FY2021,LD,2021-03-31,139,89,43,1124.73,77
TG,TG_D01,FY2021,FL,2021-03-31,82,64,12,1253.88,52
TG,TG_D02,FY2021,WC,2021-03-31,286,228,35,5219.05,184
TG,TG_D02,FY2021,RC,2021-03-31,155,91,57,2015.92,71
TG,TG_D02,FY2021,AG,2021-03-31,200,150,35,2436.28,134
TG,TG_D02,FY2021,LD,2021-03-31,109,67,26,1337.06,52
TG,TG_D02,FY2021,FL,2021-03-31,129,70,51,2807.38,50
TG,TG_D03,FY2021,WC,2021-03-31,217,120,68,2542.15,97
TG,TG_D03,FY2021,RC,2021-03-31,156,85,58,1999.4,64
TG,TG_D03,FY2021,AG,2021-03-31,126,72,42,1454.83,59
TG,TG_D03,FY2021,LD,2021-03-31,168,108,45,2308.19,93
TG,TG_D03,FY2021,FL,2021-03-31,149,80,60,1502.96,58
TG,TG_D04,FY2021,WC,2021-03-31,253,136,85,4608.44,117
TG,TG_D04,FY2021,RC,2021-03-31,140,77,39,2935.18,72
TG,TG_D04,FY2021,AG,2021-03-31,213,161,38,4335.91,145
TG,TG_D04,FY2021,LD,2021-03-31,134,77,45,2179.09,68
TG,TG_D04,FY2021,FL,2021-03-31,109,77,19,1980.12,70
TG,TG_D05,FY2021,WC,2021-03-31,234,126,81,2275.23,98
TG,TG_D05,FY2021,RC,2021-03-31,189,129,39,1930.52,113
TG,TG_D05,FY2021,AG,2021-03-31,183,87,58,1841.0,84
TG,TG_D05,FY2021,LD,2021-03-31,146,112,27,3140.94,93
TG,TG_D05,FY2021,FL,2021-03-31,122,80,25,1022.89,59
TG,TG_D01,FY2022,WC,2022-03-31,302,181,92,5800.48,171
TG,TG_D01,FY2022,RC,2022-03-31,331,213,83,4075.4,170
TG,TG_D01,FY2022,AG,2022-03-31,191,112,49,3221.8,97
TG,TG_D01,FY2022,LD,2022-03-31,167,79,55,2610.46,56
TG,TG_D01,FY2022,FL,2022-03-31,170,135,27,3081.77,112
TG,TG_D02,FY2022,WC,2022-03-31,330,223,90,5926.39,206
TG,TG_D02,FY2022,RC,2022-03-31,266,164,75,3587.85,127
TG,TG_D02,FY2022,AG,2022-03-31,154,105,42,3238.12,91
TG,TG_D02,FY2022,LD,2022-03-31,129,97,26,1486.05,91
TG,TG_D02,FY2022,FL,2022-03-31,147,111,24,2824.26,101
TG,TG_D03,FY2022,WC,2022-03-31,212,137,61,2160.23,117
TG,TG_D03,FY2022,RC,2022-03-31,227,157,53,3790.99,113
TG,TG_D03,FY2022,AG,2022-03-31,167,107,39,2501.94,97
TG,TG_D03,FY2022,LD,2022-03-31,203,101,83,2656.17,91
TG,TG_D03,FY2022,FL,2022-03-31,118,74,37,1119.82,70
TG,TG_D04,FY2022,WC,2022-03-31,291,214,68,2978.42,193
TG,TG_D04,FY2022,RC,2022-03-31,216,107,85,2054.54,89
TG,TG_D04,FY2022,AG,2022-03-31,231,144,70,4439.77,138
TG,TG_D04,FY2022,LD,2022-03-31,177,96,60,2376.69,73
TG,TG_D04,FY2022,FL,2022-03-31,152,69,64,2964.37,68
TG,TG_D05,FY2022,WC,2022-03-31,376,181,126,3737.83,157
TG,TG_D05,FY2022,RC,2022-03-31,187,145,25,2520.29,140
TG,TG_D05,FY2022,AG,2022-03-31,272,166,79,4598.56,136
TG,TG_D05,FY2022,LD,2022-03-31,153,108,35,2255.74,78
TG,TG_D05,FY2022,FL,2022-03-31,111,69,33,1909.77,66
TG,TG_D01,FY2023,WC,2023-03-31,383,191,160,6690.34,181
TG,TG_D01,FY2023,RC,2023-03-31,333,190,97,5240.38,150
TG,TG_D01,FY2023,AG,2023-03-31,209,99,98,2577.0,92
TG,TG_D01,FY2023,LD,2023-03-31,238,187,40,3698.82,148
TG,TG_D01,FY2023,FL,2023-03-31,196,111,53,2375.01,88
TG,TG_D02,FY2023,WC,2023-03-31,364,185,124,3302.28,176
TG,TG_D02,FY2023,RC,2023-03-31,313,188,91,3233.04,153
TG,TG_D02,FY2023,AG,2023-03-31,286,142,119,2476.89,112
TG,TG_D02,FY2023,LD,2023-03-31,222,134,71,2097.81,121
TG,TG_D02,FY2023,FL,2023-03-31,191,139,38,3945.67,121
TG,TG_D03,FY2023,WC,2023-03-31,383,200,121,7108.89,178
TG,TG_D03,FY2023,RC,2023-03-31,305,162,102,3543.28,116
TG,TG_D03,FY2023,AG,2023-03-31,189,150,26,1933.49,136
TG,TG_D03,FY2023,LD,2023-03-31,195,138,45,2168.77,117
TG,TG_D03,FY2023,FL,2023-03-31,129,69,53,2348.0,64
TG,TG_D04,FY2023,WC,2023-03-31,231,134,74,2332.05,127
TG,TG_D04,FY2023,RC,2023-03-31,216,145,54,4296.32,115
TG,TG_D04,FY2023,AG,2023-03-31,200,149,33,3688.92,112
TG,TG_D04,FY2023,LD,2023-03-31,225,167,48,3348.13,118
TG,TG_D04,FY2023,FL,2023-03-31,125,76,30,1111.08,56
TG,TG_D05,FY2023,WC,2023-03-31,275,195,49,5987.01,152
TG,TG_D05,FY2023,RC,2023-03-31,246,132,89,2034.91,96
TG,TG_D05,FY2023,AG,2023-03-31,174,118,39,2457.74,116
TG,TG_D05,FY2023,LD,2023-03-31,150,71,57,1544.55,52
TG,TG_D05,FY2023,FL,2023-03-31,152,104,32,3080.05,84
TG,TG_D01,FY2024,WC,2024-03-31,419,260,130,8332.33,223
TG,TG_D01,FY2024,RC,2024-03-31,345,200,102,6595.33,154
TG,TG_D01,FY2024,AG,2024-03-31,268,127,111,5678.05,106
TG,TG_D01,FY2024,LD,2024-03-31,180,115,53,2344.27,80
TG,TG_D01,FY2024,FL,2024-03-31,166,99,50,2990.39,77
TG,TG_D02,FY2024,WC,2024-03-31,334,179,114,4283.06,145
TG,TG_D02,FY2024,RC,2024-03-31,299,206,56,6061.62,166
TG,TG_D02,FY2024,AG,2024-03-31,258,127,101,4514.6,94
TG,TG_D02,FY2024,LD,2024-03-31,237,169,51,2447.01,162
TG,TG_D02,FY2024,FL,2024-03-31,123,60,50,1421.15,50
TG,TG_D03,FY2024,WC,2024-03-31,340,207,83,6230.38,159
TG,TG_D03,FY2024,RC,2024-03-31,326,245,61,5831.9,174
TG,TG_D03,FY2024,AG,2024-03-31,171,88,58,1805.58,78
TG,TG_D03,FY2024,LD,2024-03-31,164,122,32,2180.07,118
TG,TG_D03,FY2024,FL,2024-03-31,199,146,43,3303.2,118
TG,TG_D04,FY2024,WC,2024-03-31,317,214,67,6209.84,210
TG,TG_D04,FY2024,RC,2024-03-31,216,98,75,4025.95,71
TG,TG_D04,FY2024,AG,2024-03-31,219,103,84,3603.43,91
TG,TG_D04,FY2024,LD,2024-03-31,192,149,32,3845.63,148
TG,TG_D04,FY2024,FL,2024-03-31,139,75,48,1466.91,65
TG,TG_D05,FY2024,WC,2024-03-31,369,173,157,3775.81,136
TG,TG_D05,FY2024,RC,2024-03-31,326,165,122,5297.0,123
TG,TG_D05,FY2024,AG,2024-03-31,205,135,51,3534.15,129
TG,TG_D05,FY2024,LD,2024-03-31,148,70,62,2780.77,58
TG,TG_D05,FY2024,FL,2024-03-31,155,102,40,2303.67,96
AS,AS_D01,FY2020,WC,2020-03-31,225,159,57,4777.07,135
AS,AS_D01,FY2020,RC,2020-03-31,167,104,51,1376.15,78
AS,AS_D01,FY2020,AG,2020-03-31,180,93,58,3807.45,73
AS,AS_D01,FY2020,LD,2020-03-31,101,78,16,1506.43,67
AS,AS_D01,FY2020,FL,2020-03-31,123,58,44,1994.83,48
AS,AS_D02,FY2020,WC,2020-03-31,175,103,64,1451.53,76
AS,AS_D02,FY2020,RC,2020-03-31,123,80,25,1765.82,76
AS,AS_D02,FY2020,AG,2020-03-31,109,62,33,1424.8,56
AS,AS_D02,FY2020,LD,2020-03-31,81,58,19,1137.28,56
AS,AS_D02,FY2020,FL,2020-03-31,94,65,20,801.8,47
AS,AS_D03,FY2020,WC,2020-03-31,195,155,26,4004.94,151
AS,AS_D03,FY2020,RC,2020-03-31,164,100,48,3080.85,73
AS,AS_D03,FY2020,AG,2020-03-31,130,66,55,1168.34,61
AS,AS_D03,FY2020,LD,2020-03-31,111,77,29,1415.84,59
AS,AS_D03,FY2020,FL,2020-03-31,110,87,18,2105.26,77
AS,AS_D04,FY2020,WC,2020-03-31,186,126,38,2760.88,109
AS,AS_D04,FY2020,RC,2020-03-31,216,166,30,3638.81,155
AS,AS_D04,FY2020,AG,2020-03-31,148,71,51,1833.87,63
AS,AS_D04,FY2020,LD,2020-03-31,85,54,19,1150.19,44
AS,AS_D04,FY2020,FL,2020-03-31,98,68,18,1152.03,60
AS,AS_D05,FY2020,WC,2020-03-31,257,171,74,5540.32,165
AS,AS_D05,FY2020,RC,2020-03-31,223,160,54,3318.31,128
AS,AS_D05,FY2020,AG,2020-03-31,188,91,86,2638.06,64
AS,AS_D05,FY2020,LD,2020-03-31,137,82,46,1181.96,81
AS,AS_D05,FY2020,FL,2020-03-31,111,51,36,1811.08,50
AS,AS_D01,FY2021,WC,2021-03-31,175,100,66,3810.69,93
AS,AS_D01,FY2021,RC,2021-03-31,167,75,63,3499.06,60
AS,AS_D01,FY2021,AG,2021-03-31,111,70,30,2222.57,50
AS,AS_D01,FY2021,LD,2021-03-31,107,74,28,1478.85,58
AS,AS_D01,FY2021,FL,2021-03-31,92,64,18,939.71,49
AS,AS_D02,FY2021,WC,2021-03-31,146,104,31,2287.68,73
AS,AS_D02,FY2021,RC,2021-03-31,191,141,36,1706.84,128
AS,AS_D02,FY2021,AG,2021-03-31,125,85,32,1270.79,67
AS,AS_D02,FY2021,LD,2021-03-31,70,55,12,1470.23,39
AS,AS_D02,FY2021,FL,2021-03-31,86,61,15,1623.61,54
AS,AS_D03,FY2021,WC,2021-03-31,222,110,88,4719.69,101
AS,AS_D03,FY2021,RC,2021-03-31,133,65,60,1197.88,64
AS,AS_D03,FY2021,AG,2021-03-31,108,81,20,2243.84,67
AS,AS_D03,FY2021,LD,2021-03-31,119,63,41,2361.94,46
AS,AS_D03,FY2021,FL,2021-03-31,98,59,29,1578.43,46
AS,AS_D04,FY2021,WC,2021-03-31,130,59,51,1529.34,52
AS,AS_D04,FY2021,RC,2021-03-31,167,104,49,2647.02,72
AS,AS_D04,FY2021,AG,2021-03-31,148,69,57,1414.03,62
AS,AS_D04,FY2021,LD,2021-03-31,88,41,28,996.16,36
AS,AS_D04,FY2021,FL,2021-03-31,97,48,31,1581.6,47
AS,AS_D05,FY2021,WC,2021-03-31,178,124,41,1685.25,122
AS,AS_D05,FY2021,RC,2021-03-31,109,78,27,1358.79,58
AS,AS_D05,FY2021,AG,2021-03-31,128,93,30,2267.06,74
AS,AS_D05,FY2021,LD,2021-03-31,98,70,23,886.13,61
AS,AS_D05,FY2021,FL,2021-03-31,110,79,18,1226.41,65
AS,AS_D01,FY2022,WC,2022-03-31,250,161,55,4583.94,153
AS,AS_D01,FY2022,RC,2022-03-31,157,74,69,2663.7,69
AS,AS_D01,FY2022,AG,2022-03-31,165,98,59,3121.71,80
AS,AS_D01,FY2022,LD,2022-03-31,158,126,22,3238.16,89
AS,AS_D01,FY2022,FL,2022-03-31,92,46,32,1460.66,42
AS,AS_D02,FY2022,WC,2022-03-31,277,140,105,4367.1,117
AS,AS_D02,FY2022,RC,2022-03-31,213,134,60,4397.73,128
AS,AS_D02,FY2022,AG,2022-03-31,166,83,73,2775.15,78
AS,AS_D02,FY2022,LD,2022-03-31,93,71,17,1636.42,52
AS,AS_D02,FY2022,FL,2022-03-31,125,59,40,1569.36,41
AS,AS_D03,FY2022,WC,2022-03-31,177,124,45,1860.85,117
AS,AS_D03,FY2022,RC,2022-03-31,189,148,26,1653.73,141
AS,AS_D03,FY2022,AG,2022-03-31,146,89,42,2854.64,64
AS,AS_D03,FY2022,LD,2022-03-31,131,78,37,1686.47,76
AS,AS_D03,FY2022,FL,2022-03-31,96,58,28,1735.5,49
AS,AS_D04,FY2022,WC,2022-03-31,239,140,80,3470.74,107
AS,AS_D04,FY2022,RC,2022-03-31,227,162,51,3474.75,123
AS,AS_D04,FY2022,AG,2022-03-31,194,93,72,3867.56,81
AS,AS_D04,FY2022,LD,2022-03-31,122,88,30,1298.49,62
AS,AS_D04,FY2022,FL,2022-03-31,109,60,39,1626.24,50
AS,AS_D05,FY2022,WC,2022-03-31,203,106,64,2723.77,95
AS,AS_D05,FY2022,RC,2022-03-31,172,97,54,3761.99,70
AS,AS_D05,FY2022,AG,2022-03-31,139,76,56,1904.37,66
AS,AS_D05,FY2022,LD,2022-03-31,104,47,40,1762.43,42
AS,AS_D05,FY2022,FL,2022-03-31,128,96,20,1172.36,89
AS,AS_D01,FY2023,WC,2023-03-31,230,179,45,2296.12,162
AS,AS_D01,FY2023,RC,2023-03-31,151,89,52,2182.47,63
AS,AS_D01,FY2023,AG,2023-03-31,144,69,54,2556.55,61
AS,AS_D01,FY2023,LD,2023-03-31,154,89,44,1354.75,87
AS,AS_D01,FY2023,FL,2023-03-31,92,47,27,1144.51,44
AS,AS_D02,FY2023,WC,2023-03-31,215,146,61,4406.52,110
AS,AS_D02,FY2023,RC,2023-03-31,187,133,48,3370.32,103
AS,AS_D02,FY2023,AG,2023-03-31,133,82,33,1487.82,73
AS,AS_D02,FY2023,LD,2023-03-31,138,67,45,1141.55,51
AS,AS_D02,FY2023,FL,2023-03-31,147,106,29,2702.9,87
AS,AS_D03,FY2023,WC,2023-03-31,281,144,88,2554.62,111
AS,AS_D03,FY2023,RC,2023-03-31,161,117,29,2451.53,108
AS,AS_D03,FY2023,AG,2023-03-31,189,98,56,3924.52,86
AS,AS_D03,FY2023,LD,2023-03-31,153,89,43,2360.58,64
AS,AS_D03,FY2023,FL,2023-03-31,141,95,38,2251.72,82
AS,AS_D04,FY2023,WC,2023-03-31,253,183,46,4437.99,158
AS,AS_D04,FY2023,RC,2023-03-31,204,130,50,1737.9,120
AS,AS_D04,FY2023,AG,2023-03-31,213,131,69,3359.77,128
AS,AS_D04,FY2023,LD,2023-03-31,137,71,56,2630.92,58
AS,AS_D04,FY2023,FL,2023-03-31,144,65,66,2539.09,52
AS,AS_D05,FY2023,WC,2023-03-31,281,138,94,4347.1,133
AS,AS_D05,FY2023,RC,2023-03-31,159,102,47,2926.7,90
AS,AS_D05,FY2023,AG,2023-03-31,216,133,71,3601.62,122
AS,AS_D05,FY2023,LD,2023-03-31,133,67,41,2334.5,54
AS,AS_D05,FY2023,FL,2023-03-31,124,88,30,1876.77,69
AS,AS_D01,FY2024,WC,2024-03-31,288,171,103,5628.67,158
AS,AS_D01,FY2024,RC,2024-03-31,179,103,64,1489.99,96
AS,AS_D01,FY2024,AG,2024-03-31,166,121,34,2552.3,110
AS,AS_D01,FY2024,LD,2024-03-31,167,115,38,2086.11,109
AS,AS_D01,FY2024,FL,2024-03-31,125,90,31,2126.8,70
AS,AS_D02,FY2024,WC,2024-03-31,301,164,92,2719.57,118
AS,AS_D02,FY2024,RC,2024-03-31,258,136,77,3337.55,124
AS,AS_D02,FY2024,AG,2024-03-31,159,88,52,1319.19,74
AS,AS_D02,FY2024,LD,2024-03-31,183,133,31,3141.66,111
AS,AS_D02,FY2024,FL,2024-03-31,148,71,51,2823.24,67
AS,AS_D03,FY2024,WC,2024-03-31,252,115,118,3366.4,81
AS,AS_D03,FY2024,RC,2024-03-31,252,150,67,4843.97,125
AS,AS_D03,FY2024,AG,2024-03-31,188,138,37,1794.78,136
AS,AS_D03,FY2024,LD,2024-03-31,123,98,15,1817.08,89
AS,AS_D03,FY2024,FL,2024-03-31,154,111,29,1756.56,89
AS,AS_D04,FY2024,WC,2024-03-31,189,129,52,3211.01,110
AS,AS_D04,FY2024,RC,2024-03-31,212,139,59,4055.56,126
AS,AS_D04,FY2024,AG,2024-03-31,198,155,37,3867.92,110
AS,AS_D04,FY2024,LD,2024-03-31,155,94,47,2729.23,85
AS,AS_D04,FY2024,FL,2024-03-31,151,116,27,3098.26,107
AS,AS_D05,FY2024,WC,2024-03-31,203,93,66,3291.18,79
AS,AS_D05,FY2024,RC,2024-03-31,237,176,39,4737.64,128
AS,AS_D05,FY2024,AG,2024-03-31,217,162,44,2647.49,117
AS,AS_D05,FY2024,LD,2024-03-31,165,86,57,2546.28,77
AS,AS_D05,FY2024,FL,2024-03-31,122,84,32,2193.91,66
